,player,pos,team,opp_home,opp,game,week,day,pass_cmp,pass_att,pass_pct,pass_yds,pass_td,pass_int,pass_rtg,sk,sk_yds,pass_yda,pass_ayda,dk_pt,rush_att,rush_yds,rush_td,rec,rec_yds,rec_td,fmb,team_win,team_score,opp_score
0,Lamar Jackson,QB,BAL,0.0,IND,5,5,Mon,37,43,86.05,442,4,0,140.5,2,5,10.28,12.14,45.9,14,62,0,0,0,0,1,1,31,25
1,Justin Herbert,QB,LAC,0.0,CLE,5,5,Sun,26,43,60.47,398,4,0,122.0,2,17,9.26,11.12,45.8,4,29,1,0,0,0,0,1,47,42
2,Tom Brady,QB,TAM,0.0,MIA,5,5,Sun,30,41,73.17,411,5,0,144.4,2,15,10.02,12.46,40.7,1,13,0,0,0,0,0,1,45,17
3,Josh Allen,QB,BUF,0.0,WAS,3,3,Sun,32,43,74.42,358,4,0,129.8,0,0,8.33,10.19,40.2,4,9,1,0,0,0,0,1,43,21
4,Josh Allen,QB,BUF,1.0,KAN,5,5,Sun,15,26,57.69,315,3,0,139.1,0,0,12.12,14.42,39.5,11,59,1,0,0,0,0,1,38,20
5,Kyler Murray,QB,ARI,0.0,MIN,2,2,Sun,29,36,80.56,400,3,2,117.6,3,29,11.11,10.28,38.1,5,31,1,0,0,0,0,1,34,33
6,Lamar Jackson,QB,BAL,0.0,KAN,2,2,Sun,18,26,69.23,239,1,2,78.8,1,9,9.19,6.5,37.3,16,107,2,0,0,0,0,1,36,35
7,Sam Darnold,QB,CAR,1.0,DAL,4,4,Sun,26,39,66.67,301,2,2,85.5,5,35,7.72,6.44,36.5,6,35,2,0,0,0,0,0,28,36
8,Patrick Mahomes,QB,KAN,0.0,CLE,1,1,Sun,27,36,75.0,337,3,0,131.4,2,13,9.36,11.03,36.3,5,18,1,0,0,0,0,1,33,29
9,Lamar Jackson,QB,BAL,0.0,MIN,8,9,Sun,27,41,65.85,266,3,2,88.1,3,13,6.49,5.76,35.6,21,120,0,0,0,0,0,1,34,31
10,Justin Herbert,QB,LAC,1.0,PHI,8,9,Sun,32,38,84.21,356,2,0,123.2,0,0,9.37,10.42,34.6,5,14,1,0,0,0,0,1,27,24
11,Kyler Murray,QB,ARI,1.0,TEN,1,1,Sun,21,32,65.63,289,4,1,121.0,2,9,9.03,10.13,34.6,5,20,1,0,0,0,0,1,38,13
12,Jared Goff,QB,DET,0.0,SFO,1,1,Sun,38,57,66.67,338,3,1,92.6,3,24,5.93,6.19,32.9,3,14,0,0,0,0,0,0,33,41
13,Josh Allen,QB,BUF,1.0,TEN,6,6,Mon,35,47,74.47,353,3,1,107.8,3,18,7.51,7.83,32.7,9,26,0,0,0,0,0,0,31,34
14,Patrick Mahomes,QB,KAN,1.0,PHI,4,4,Sun,24,30,80.0,278,5,1,131.0,1,7,9.27,11.1,32.7,5,26,0,0,0,0,0,1,42,30
15,Matthew Stafford,QB,LAR,0.0,TAM,3,3,Sun,27,38,71.05,343,4,0,134.0,1,12,9.03,11.13,32.5,2,-2,0,0,0,0,0,1,34,24
16,Tom Brady,QB,TAM,0.0,DAL,1,1,Thu,32,50,64.0,379,4,2,97.0,0,0,7.58,7.38,32.2,0,0,0,0,0,0,0,1,31,29
17,Dak Prescott,QB,DAL,1.0,NWE,6,6,Sun,36,51,70.59,445,3,1,108.7,0,0,8.73,9.02,31.8,3,10,0,0,0,0,1,1,35,29
18,Tom Brady,QB,TAM,1.0,LAR,3,3,Sun,41,55,74.55,432,1,0,103.0,3,21,7.85,8.22,31.7,3,14,1,0,0,0,1,0,24,34
19,Kirk Cousins,QB,MIN,1.0,CAR,6,6,Sun,33,48,68.75,373,3,0,112.6,0,0,7.77,9.02,31.5,2,16,0,0,0,0,1,1,34,28
20,Matt Ryan,QB,ATL,1.0,NOR,8,9,Sun,23,30,76.67,343,2,0,135.8,2,11,11.43,12.77,31.5,5,8,1,0,0,0,0,1,27,25
21,Dak Prescott,QB,DAL,1.0,TAM,1,1,Thu,42,58,72.41,403,3,1,101.4,1,12,6.95,7.21,31.4,4,13,0,0,0,0,1,0,29,31
22,Tom Brady,QB,TAM,1.0,NOR,8,8,Sun,28,40,70.0,375,4,2,112.0,3,25,9.38,9.13,31.2,1,2,0,0,0,0,1,0,27,36
23,Jalen Hurts,QB,PHI,0.0,KAN,4,4,Sun,32,48,66.67,387,2,0,105.1,3,29,8.06,8.9,31.2,8,47,0,0,0,0,1,0,30,42
24,Mike White,QB,NYJ,0.0,CIN,7,8,Sun,37,45,82.22,405,3,2,107.9,2,8,9.0,8.33,31.1,5,-1,0,0,0,0,0,1,34,31
25,Justin Herbert,QB,LAC,1.0,KAN,3,3,Sun,26,38,68.42,281,4,0,125.0,1,6,7.39,9.5,30.8,4,16,0,0,0,0,0,1,30,24
26,Daniel Jones,QB,NYG,1.0,NOR,4,4,Sun,28,40,70.0,402,2,1,108.5,0,0,10.05,9.93,30.8,4,27,0,0,0,0,0,1,27,21
27,Tom Brady,QB,TAM,0.0,ATL,2,2,Sun,24,36,66.67,276,5,0,129.2,3,17,7.67,10.44,30.6,1,6,0,0,0,0,1,1,48,25
28,Joe Burrow,QB,CIN,1.0,BAL,7,7,Sun,23,38,60.53,416,3,1,113.5,1,7,10.95,11.34,30.6,1,0,0,0,0,0,0,1,41,17
29,Jimmy Garoppolo,QB,SFO,1.0,CHI,7,8,Sun,17,28,60.71,322,0,0,100.6,0,0,11.5,11.5,30.3,5,4,2,0,0,0,0,1,33,22
30,Matthew Stafford,QB,LAR,0.0,DET,7,7,Sun,28,41,68.29,334,3,0,117.3,1,7,8.15,9.61,30.2,2,-2,0,0,0,0,0,1,28,19
31,Jameis Winston,QB,NOR,0.0,GNB,1,1,Sun,14,20,70.0,148,5,0,130.8,0,0,7.4,12.4,29.6,6,37,0,0,0,0,0,1,38,3
32,Josh Allen,QB,BUF,0.0,MIA,7,8,Sun,29,42,69.05,249,2,0,100.2,0,0,5.93,6.88,29.5,8,55,1,0,0,0,1,1,26,11
33,Daniel Jones,QB,NYG,1.0,WAS,2,2,Thu,22,32,68.75,249,1,0,102.2,4,21,7.78,8.41,29.5,9,95,1,0,0,0,0,0,29,30
34,Justin Fields,QB,CHI,0.0,SFO,8,8,Sun,19,27,70.37,175,1,1,84.6,4,27,6.48,5.56,29.3,10,103,1,0,0,0,2,0,22,33
35,Matt Ryan,QB,ATL,0.0,WAS,4,4,Sun,25,42,59.52,283,4,0,111.5,1,8,6.74,8.64,29.0,1,17,0,0,0,0,0,0,30,34
36,Jalen Hurts,QB,PHI,1.0,ATL,1,1,Sun,27,35,77.14,264,3,0,126.4,1,3,7.54,9.26,28.8,7,62,0,0,0,0,1,1,32,6
37,Josh Johnson,QB,NYJ,1.0,IND,8,9,Thu,27,41,65.85,317,3,1,103.4,2,14,7.73,8.1,28.5,4,18,0,0,0,0,0,0,30,45
38,Tua Tagovailoa,QB,MIA,0.0,ATL,7,7,Sun,32,40,80.0,291,4,2,109.5,1,10,7.28,7.03,28.5,4,29,0,0,0,0,0,0,28,30
39,Sam Darnold,QB,CAR,1.0,HOU,3,3,Thu,23,34,67.65,304,0,0,95.7,3,14,8.94,8.94,28.3,8,11,2,0,0,0,2,1,24,9
40,Kirk Cousins,QB,MIN,0.0,SEA,3,3,Sun,30,38,78.95,323,3,0,128.4,1,10,8.5,10.08,28.1,1,2,0,0,0,0,1,1,30,17
41,Derek Carr,QB,LVR,0.0,BAL,1,1,Mon,34,56,60.71,435,2,1,89.5,3,26,7.77,7.68,28.0,4,6,0,0,0,0,1,1,33,27
42,Patrick Mahomes,QB,KAN,1.0,BAL,2,2,Sun,24,31,77.42,343,3,1,131.5,0,0,11.06,11.55,28.0,1,3,0,0,0,0,0,0,35,36
43,Patrick Mahomes,QB,KAN,1.0,WAS,6,6,Sun,32,47,68.09,397,2,2,90.5,3,7,8.45,7.38,28.0,3,31,0,0,0,0,1,1,31,13
44,Taylor Heinicke,QB,WAS,1.0,ATL,4,4,Sun,23,33,69.7,290,3,0,127.1,1,0,8.79,10.61,27.9,5,43,0,0,0,0,0,1,34,30
45,Jameis Winston,QB,NOR,1.0,WAS,5,5,Sun,15,30,50.0,279,4,1,108.2,2,8,9.3,10.47,27.8,6,26,0,0,0,0,1,1,33,22
46,Davis Mills,QB,HOU,0.0,NWE,5,5,Sun,21,29,72.41,312,3,0,141.7,3,19,10.76,12.83,27.7,1,2,0,0,0,0,0,0,22,25
47,Matthew Stafford,QB,LAR,0.0,CHI,1,1,Sun,20,26,76.92,321,3,0,156.1,1,9,12.35,14.65,27.3,5,-5,0,0,0,0,0,1,34,14
48,Derek Carr,QB,LVR,1.0,PIT,2,2,Sun,28,37,75.68,382,2,0,126.2,2,9,10.32,11.41,27.2,4,9,0,0,0,0,2,1,26,17
49,Matthew Stafford,QB,LAR,1.0,HOU,8,8,Sun,21,32,65.63,305,3,0,127.7,0,0,9.53,11.41,27.2,0,0,0,0,0,0,0,1,38,22
50,Russell Wilson,QB,SEA,1.0,IND,1,1,Sun,18,23,78.26,254,4,0,152.3,3,13,11.04,14.52,27.1,5,9,0,0,0,0,0,1,28,16
51,Dak Prescott,QB,DAL,0.0,CAR,4,4,Sun,14,22,63.64,188,4,0,130.3,0,0,8.55,12.18,27.0,4,35,0,0,0,0,0,1,36,28
52,Aaron Rodgers,QB,GNB,0.0,DET,2,2,Mon,22,27,81.48,255,4,0,145.6,3,28,9.44,12.41,26.8,4,6,0,0,0,0,0,1,35,17
53,Carson Wentz,QB,IND,1.0,BAL,5,5,Mon,25,35,71.43,402,2,0,128.5,2,12,11.49,12.63,26.6,2,5,0,0,0,0,1,0,25,31
54,Russell Wilson,QB,SEA,0.0,TEN,2,2,Sun,22,31,70.97,343,2,0,128.8,3,23,11.06,12.35,26.3,3,16,0,0,0,0,0,0,30,33
55,Matthew Stafford,QB,LAR,1.0,NYG,6,6,Sun,22,28,78.57,251,4,1,128.7,2,17,8.96,10.21,26.2,2,12,0,0,0,0,1,1,38,11
56,Jalen Hurts,QB,PHI,0.0,TAM,6,6,Thu,12,26,46.15,115,1,1,55.8,2,2,4.42,3.46,26.0,10,44,2,0,0,0,0,0,22,28
57,Baker Mayfield,QB,CLE,1.0,LAC,5,5,Sun,23,32,71.88,305,2,0,122.5,1,4,9.53,10.78,26.0,2,8,0,0,0,0,1,0,42,47
58,Kyler Murray,QB,ARI,1.0,CLE,6,6,Sun,20,30,66.67,229,4,0,129.0,2,21,7.63,10.3,25.8,7,6,0,0,0,0,4,1,37,14
59,Dak Prescott,QB,DAL,0.0,NYG,5,5,Sun,22,32,68.75,302,3,1,116.9,2,10,9.44,9.91,25.7,2,6,0,0,0,0,1,1,44,20
60,Jalen Hurts,QB,PHI,1.0,DAL,3,3,Mon,25,39,64.1,326,2,2,86.1,2,23,8.36,7.08,25.5,9,35,0,0,0,0,0,0,21,41
61,Tua Tagovailoa,QB,MIA,1.0,JAX,6,6,Sun,33,47,70.21,329,2,1,95.1,0,0,7.0,6.89,25.4,3,22,0,0,0,0,0,0,20,23
62,Teddy Bridgewater,QB,DEN,0.0,LVR,6,6,Sun,35,49,71.43,334,3,3,84.9,5,25,6.82,5.29,25.3,2,9,0,0,0,0,1,0,24,34
63,Joe Burrow,QB,CIN,0.0,JAX,4,4,Thu,25,32,78.13,348,2,0,132.8,1,6,10.88,12.13,25.3,3,4,0,0,0,0,0,1,24,21
64,Kirk Cousins,QB,MIN,1.0,ARI,2,2,Sun,22,32,68.75,244,3,0,122.4,1,2,7.63,9.5,25.3,2,35,0,0,0,0,1,0,33,34
65,Derek Carr,QB,LVR,0.0,MIA,3,3,Sun,26,43,60.47,386,2,1,95.7,3,29,8.98,8.86,25.2,2,-2,0,0,0,0,0,1,31,28
66,Mac Jones,QB,NWE,0.0,NYJ,7,7,Sun,24,36,66.67,307,2,0,111.7,1,8,8.53,9.64,25.2,3,19,0,0,0,0,0,1,54,13
67,Trevor Lawrence,QB,JAX,1.0,HOU,1,1,Sun,28,51,54.9,332,3,3,70.1,1,13,6.51,5.04,25.1,1,-2,0,0,0,0,0,0,21,37
68,Kirk Cousins,QB,MIN,1.0,CIN,1,1,Sun,36,49,73.47,351,2,0,106.8,3,26,7.16,7.98,25.0,0,0,0,0,0,0,0,0,24,27
69,Patrick Mahomes,QB,KAN,0.0,LAC,3,3,Sun,27,44,61.36,260,3,2,81.6,2,9,5.91,5.23,24.9,4,45,0,0,0,0,0,0,24,30
70,Aaron Rodgers,QB,GNB,0.0,WAS,7,7,Sun,27,35,77.14,274,3,0,127.6,3,27,7.83,9.54,24.7,2,17,0,0,0,0,0,1,24,10
71,Matt Ryan,QB,ATL,0.0,NYJ,5,5,Sun,33,45,73.33,342,2,0,109.7,0,0,7.6,8.49,24.6,1,-1,0,0,0,0,0,1,27,20
72,Derek Carr,QB,LVR,1.0,DEN,6,6,Sun,18,27,66.67,341,2,0,134.4,2,1,12.63,14.11,24.5,2,-1,0,0,0,0,1,1,34,24
73,Jalen Hurts,QB,PHI,1.0,LVR,7,7,Sun,18,34,52.94,236,2,0,94.7,2,13,6.94,8.12,24.5,13,61,0,0,0,0,1,0,22,33
74,Tom Brady,QB,TAM,0.0,CHI,7,7,Sun,20,36,55.56,211,4,0,109.8,0,0,5.86,8.08,24.4,0,0,0,0,0,0,0,1,38,3
75,Davis Mills,QB,HOU,0.0,LAR,8,8,Sun,29,38,76.32,310,2,1,106.2,5,31,8.16,8.03,24.4,0,0,0,0,0,0,1,0,22,38
76,Teddy Bridgewater,QB,DEN,1.0,JAX,2,2,Sun,26,34,76.47,328,2,0,125.6,3,26,9.65,10.82,24.2,4,1,0,0,0,0,0,1,23,13
77,Carson Wentz,QB,IND,0.0,NYJ,9,9,Thu,22,30,73.33,272,3,0,134.3,1,0,9.07,11.07,24.2,4,13,0,0,0,0,0,1,45,30
78,Aaron Rodgers,QB,GNB,0.0,PIT,4,4,Sun,20,36,55.56,248,2,0,95.6,3,12,6.89,8.0,24.1,3,2,1,0,0,0,0,1,27,17
79,Taylor Heinicke,QB,WAS,0.0,NYG,2,2,Thu,34,46,73.91,336,2,1,99.5,1,16,7.3,7.2,24.0,4,6,0,0,0,0,0,1,30,29
80,Jalen Hurts,QB,PHI,1.0,CAR,5,5,Sun,22,37,59.46,198,0,1,62.7,2,16,5.35,4.14,23.9,9,30,2,0,0,0,1,1,21,18
81,Joe Burrow,QB,CIN,1.0,DET,6,6,Sun,19,29,65.52,271,3,1,115.7,2,22,9.34,9.86,23.8,5,20,0,0,0,0,0,1,34,11
82,Aaron Rodgers,QB,GNB,1.0,CIN,5,5,Sun,27,39,69.23,344,2,1,102.9,2,11,8.82,8.69,23.8,0,0,0,0,0,0,0,1,25,22
83,Aaron Rodgers,QB,GNB,1.0,CHI,6,6,Sun,17,23,73.91,195,2,0,128.0,3,26,8.48,10.22,23.7,7,19,1,0,0,0,0,1,24,14
84,Tyrod Taylor,QB,HOU,0.0,JAX,1,1,Sun,21,33,63.64,291,2,0,112.1,1,2,8.82,10.03,23.6,4,40,0,0,0,0,1,1,37,21
85,Ryan Tannehill,QB,TEN,0.0,IND,3,3,Sun,18,27,66.67,197,3,2,94.2,1,9,7.3,6.19,23.5,5,56,0,0,0,0,0,1,25,16
86,Taylor Heinicke,QB,WAS,1.0,BUF,3,3,Sun,14,24,58.33,212,2,2,80.6,1,0,8.83,6.75,23.4,8,21,1,1,-2,0,0,0,21,43
87,Jimmy Garoppolo,QB,SFO,0.0,ARI,8,9,Sun,28,40,70.0,326,2,1,100.6,5,28,8.15,8.03,23.3,1,3,0,0,0,0,0,0,17,31
88,Ryan Tannehill,QB,TEN,1.0,IND,8,8,Sun,23,33,69.7,265,3,2,98.7,3,18,8.03,7.12,23.2,2,26,0,0,0,0,0,1,34,31
89,Lamar Jackson,QB,BAL,0.0,CIN,7,7,Sun,15,31,48.39,257,1,0,87.7,5,18,8.29,8.94,23.1,12,88,0,0,0,0,0,0,17,41
90,Derek Carr,QB,LVR,0.0,PHI,7,7,Sun,31,34,91.18,323,2,1,113.6,0,0,9.5,9.35,23.0,2,1,0,0,0,0,0,1,33,22
91,Sam Darnold,QB,CAR,0.0,NOR,2,2,Sun,26,38,68.42,305,2,1,99.1,2,11,8.03,7.89,22.9,1,7,0,0,0,0,1,1,26,7
92,Trevor Lawrence,QB,JAX,0.0,TEN,5,5,Sun,23,33,69.7,273,1,1,92.1,2,17,8.27,7.52,22.7,7,28,1,0,0,0,0,0,19,37
93,Kyler Murray,QB,ARI,1.0,LAR,4,4,Sun,24,32,75.0,268,2,0,120.3,3,19,8.38,9.63,22.6,6,39,0,0,0,0,0,1,37,20
94,Geno Smith,QB,SEA,0.0,JAX,8,8,Sun,20,24,83.33,195,2,0,128.3,3,35,8.13,9.79,22.6,2,8,1,0,0,0,0,1,31,7
95,Russell Wilson,QB,SEA,1.0,SFO,4,4,Sun,16,23,69.57,149,2,0,116.0,3,20,6.48,8.22,22.6,4,26,1,0,0,0,1,1,28,21
96,Kyler Murray,QB,ARI,1.0,JAX,3,3,Sun,28,34,82.35,316,0,1,93.1,0,0,9.29,7.97,22.5,7,19,1,0,0,0,0,1,31,19
97,Lamar Jackson,QB,BAL,1.0,DEN,4,4,Sun,22,37,59.46,316,1,0,96.2,3,12,8.54,9.08,22.4,7,28,0,0,0,0,0,1,23,7
98,Daniel Jones,QB,NYG,0.0,DEN,1,1,Sun,22,37,59.46,267,1,0,90.7,2,13,7.22,7.76,22.4,6,27,1,0,0,0,1,0,13,27
99,Kyler Murray,QB,ARI,0.0,HOU,7,7,Sun,20,28,71.43,261,3,1,121.3,4,36,9.32,9.86,22.4,6,10,0,0,0,0,0,1,31,5
100,Matt Ryan,QB,ATL,1.0,MIA,6,7,Sun,25,40,62.5,336,2,1,95.4,1,11,8.4,8.28,22.4,3,0,0,0,0,0,1,1,30,28
101,Matt Ryan,QB,ATL,1.0,TAM,2,2,Sun,35,46,76.09,300,2,3,80.0,1,7,6.52,4.46,22.3,2,3,0,0,0,0,0,0,25,48
102,Taylor Heinicke,QB,WAS,1.0,GNB,7,7,Sun,25,37,67.57,268,1,1,86.3,4,33,7.24,6.57,22.2,10,95,0,0,0,0,2,0,10,24
103,Cooper Rush,QB,DAL,1.0,MIN,7,8,Sun,24,40,60.0,325,2,1,92.2,3,19,8.13,8.0,22.2,1,2,0,0,0,0,1,1,20,16
104,Patrick Mahomes,QB,KAN,0.0,BUF,5,5,Sun,33,54,61.11,272,2,2,70.9,2,0,5.04,4.11,22.0,8,61,0,0,0,0,1,0,20,38
105,Teddy Bridgewater,QB,DEN,1.0,DAL,9,9,Sun,19,28,67.86,249,1,0,107.6,4,32,8.89,9.61,21.9,3,-1,1,0,0,0,0,1,30,16
106,Jalen Hurts,QB,PHI,0.0,SFO,2,2,Sun,12,23,52.17,190,0,0,80.0,2,13,8.26,8.26,21.8,10,82,1,0,0,0,1,0,11,17
107,Kirk Cousins,QB,MIN,1.0,BAL,8,9,Sun,17,28,60.71,187,2,0,104.3,0,0,6.68,8.11,21.6,1,1,1,0,0,0,0,0,31,34
108,Joe Burrow,QB,CIN,1.0,NYJ,8,8,Sun,21,34,61.76,259,3,1,102.5,3,28,7.62,8.06,21.3,1,-1,0,0,0,0,1,0,31,34
109,Justin Herbert,QB,LAC,0.0,LVR,4,4,Mon,25,38,65.79,222,3,0,107.6,2,10,5.84,7.42,21.3,3,4,0,0,0,0,0,1,28,14
110,Carson Wentz,QB,IND,1.0,SFO,7,7,Sun,17,26,65.38,150,2,0,106.2,1,3,5.77,7.31,21.3,4,23,1,0,0,0,2,1,30,18
111,Dak Prescott,QB,DAL,0.0,PHI,3,3,Mon,21,26,80.77,238,3,0,143.3,4,18,9.15,11.46,21.1,9,6,0,0,0,0,2,1,41,21
112,Josh Allen,QB,BUF,0.0,HOU,4,4,Sun,20,30,66.67,248,2,1,100.4,1,5,8.27,8.1,21.0,6,41,0,0,0,0,1,1,40,0
113,Teddy Bridgewater,QB,DEN,1.0,NYG,1,1,Sun,28,36,77.78,264,2,0,115.7,2,9,7.33,8.44,20.5,3,19,0,0,0,0,0,1,27,13
114,Matthew Stafford,QB,LAR,1.0,SEA,5,5,Thu,25,37,67.57,365,1,1,97.2,1,7,9.86,9.19,20.5,1,-1,0,0,0,0,0,1,26,17
115,Jared Goff,QB,DET,1.0,GNB,2,2,Mon,26,36,72.22,246,2,1,97.7,1,10,6.83,6.69,20.4,4,46,0,0,0,0,2,0,17,35
116,Trey Lance,QB,SFO,0.0,SEA,4,4,Sun,9,18,50.0,157,2,0,117.1,1,1,8.72,10.94,20.4,7,41,0,0,0,0,0,0,21,28
117,Ryan Tannehill,QB,TEN,0.0,KAN,7,7,Sun,21,27,77.78,270,1,1,105.2,1,9,10.0,9.07,20.4,2,6,1,0,0,0,0,1,27,3
118,Jacoby Brissett,QB,MIA,1.0,LVR,3,3,Sun,32,49,65.31,215,0,0,74.8,2,18,4.39,4.39,20.3,7,37,1,0,0,0,1,0,28,31
119,Joe Burrow,QB,CIN,0.0,GNB,5,5,Sun,26,38,68.42,281,2,2,85.5,3,17,7.39,6.08,20.3,3,11,0,0,0,0,0,0,22,25
120,Lamar Jackson,QB,BAL,1.0,DET,3,3,Sun,16,31,51.61,287,1,1,81.0,4,16,9.26,8.45,20.3,7,58,0,0,0,0,1,1,19,17
121,Matthew Stafford,QB,LAR,0.0,ARI,4,4,Sun,26,41,63.41,280,2,1,89.5,0,0,6.83,6.71,20.3,6,21,0,0,0,0,0,0,20,37
122,Carson Wentz,QB,IND,0.0,TEN,8,8,Sun,27,51,52.94,231,3,2,68.3,1,7,4.53,3.94,20.3,3,11,0,0,0,0,1,0,31,34
123,Sam Darnold,QB,CAR,0.0,NYJ,1,1,Sun,24,35,68.57,279,1,0,102.0,1,9,7.97,8.54,20.1,5,-1,1,0,0,0,1,1,19,14
124,Lamar Jackson,QB,BAL,1.0,LVR,1,1,Mon,19,30,63.33,235,1,0,98.6,3,18,7.83,8.5,20.0,12,86,0,0,0,0,3,0,27,33
125,Trevor Lawrence,QB,JAX,0.0,MIA,6,6,Sun,25,41,60.98,319,1,0,93.4,2,7,7.78,8.27,19.9,2,11,0,0,0,0,1,1,23,20
126,Dak Prescott,QB,DAL,0.0,DEN,8,9,Sun,19,39,48.72,232,2,1,73.9,2,20,5.95,5.82,19.9,2,16,0,0,0,0,0,0,16,30
127,Justin Herbert,QB,LAC,0.0,DAL,2,2,Sun,31,41,75.61,338,1,2,87.2,2,25,8.24,6.54,19.7,4,12,0,0,0,0,0,0,17,20
128,Teddy Bridgewater,QB,DEN,1.0,PIT,5,5,Sun,24,38,63.16,288,2,1,92.9,2,20,7.58,7.45,19.6,1,11,0,0,0,0,0,0,19,27
129,Jimmy Garoppolo,QB,SFO,1.0,PHI,2,2,Sun,22,30,73.33,189,1,0,100.6,0,0,6.3,6.97,19.6,11,20,1,0,0,0,1,1,17,11
130,Carson Wentz,QB,IND,0.0,SEA,1,1,Sun,25,38,65.79,251,2,0,102.0,3,28,6.61,7.66,19.3,4,23,0,0,0,0,1,0,16,28
131,Zach Wilson,QB,NYJ,1.0,CAR,1,1,Sun,20,37,54.05,258,2,1,82.9,6,51,6.97,6.84,19.3,0,0,0,0,0,0,1,0,14,19
132,Justin Fields,QB,CHI,1.0,PIT,9,9,Mon,17,29,58.62,291,1,1,89.9,3,13,10.03,9.17,19.1,8,45,0,0,0,0,0,0,27,29
133,Tom Brady,QB,TAM,1.0,PHI,6,6,Thu,34,42,80.95,297,2,1,102.1,0,0,7.07,6.95,19.0,4,1,0,0,0,0,0,1,28,22
134,Aaron Rodgers,QB,GNB,1.0,SFO,3,3,Sun,23,33,69.7,261,2,0,113.3,1,8,7.91,9.12,19.0,0,0,0,1,-4,0,0,1,30,28
135,Jimmy Garoppolo,QB,SFO,1.0,DET,1,1,Sun,17,25,68.0,314,1,0,124.2,1,8,12.56,13.36,18.8,3,2,0,0,0,0,1,1,41,33
136,Jared Goff,QB,DET,1.0,CHI,4,4,Sun,24,38,63.16,299,2,0,105.0,4,38,7.87,8.92,18.8,3,8,0,0,0,0,3,0,14,24
137,Ryan Tannehill,QB,TEN,1.0,NYJ,4,4,Sun,30,49,61.22,298,1,0,85.2,7,45,6.08,6.49,18.8,3,9,0,0,0,0,0,0,24,27
138,Zach Wilson,QB,NYJ,0.0,TEN,4,4,Sun,21,34,61.76,297,2,1,97.3,1,8,8.74,8.59,18.7,3,-2,0,0,0,0,1,1,27,24
139,Joe Burrow,QB,CIN,0.0,MIN,1,1,Sun,20,27,74.07,261,2,0,128.8,5,44,9.67,11.15,18.6,1,2,0,0,0,0,0,1,27,24
140,Joe Burrow,QB,CIN,1.0,PIT,3,3,Sun,14,18,77.78,172,3,1,122.9,0,0,9.56,10.39,18.6,5,7,0,0,0,0,0,1,24,10
141,Ryan Tannehill,QB,TEN,1.0,SEA,2,2,Sun,27,40,67.5,347,0,0,94.5,3,27,8.68,8.68,18.6,4,27,0,0,0,0,1,1,33,30
142,Carson Wentz,QB,IND,0.0,LAR,2,2,Sun,20,31,64.52,247,1,1,86.4,3,27,7.97,7.16,18.6,5,37,0,0,0,0,0,0,24,27
143,Baker Mayfield,QB,CLE,0.0,HOU,2,2,Sun,19,21,90.48,213,1,1,105.0,2,14,10.14,8.95,18.5,8,10,1,0,0,0,1,1,31,21
144,Justin Herbert,QB,LAC,1.0,WAS,1,1,Sun,31,47,65.96,337,1,1,85.2,2,3,7.17,6.64,18.4,4,-1,0,0,0,0,1,1,20,16
145,Josh Allen,QB,BUF,0.0,PIT,1,1,Sun,30,51,58.82,270,1,0,79.7,3,16,5.29,5.69,18.2,9,44,0,0,0,0,2,0,16,23
146,Ben Roethlisberger,QB,PIT,0.0,CIN,3,3,Sun,38,58,65.52,318,1,2,70.9,4,21,5.48,4.28,18.2,1,5,0,0,0,0,0,0,10,24
147,Matthew Stafford,QB,LAR,1.0,IND,2,2,Sun,19,30,63.33,278,2,1,101.8,1,8,9.27,9.1,18.2,2,1,0,0,0,0,0,1,27,24
148,Mac Jones,QB,NWE,0.0,TAM,4,4,Sun,31,40,77.5,275,2,1,101.6,4,25,6.88,6.75,17.9,1,-1,0,0,0,0,0,0,17,19
149,Carson Wentz,QB,IND,1.0,MIA,4,4,Sun,24,32,75.0,228,2,0,115.1,2,18,7.13,8.38,17.9,5,8,0,0,0,0,0,1,27,17
150,Trevor Lawrence,QB,JAX,1.0,CIN,4,4,Thu,17,24,70.83,204,0,0,96.5,1,2,8.5,8.5,17.8,8,36,1,0,0,0,0,0,21,24
151,Josh Allen,QB,BUF,1.0,MIA,2,2,Sun,17,33,51.52,179,2,1,75.2,1,8,5.42,5.27,17.7,5,35,0,0,0,0,0,1,35,0
152,Daniel Jones,QB,NYG,0.0,CAR,7,7,Sun,23,33,69.7,203,1,0,95.9,2,20,6.15,6.76,17.5,8,28,0,1,16,0,0,1,25,3
153,Tua Tagovailoa,QB,MIA,1.0,NWE,1,1,Sun,16,27,59.26,202,1,1,79.6,2,17,7.48,6.56,17.2,4,1,1,0,0,0,0,1,17,16
154,Ryan Tannehill,QB,TEN,0.0,ARI,1,1,Sun,21,35,60.0,212,1,1,74.9,6,56,6.06,5.34,17.2,2,17,1,0,0,0,2,0,13,38
155,Sam Darnold,QB,CAR,0.0,MIN,6,6,Sun,17,41,41.46,207,1,1,55.6,4,19,5.05,4.44,17.1,4,48,0,0,0,0,1,0,28,34
156,Daniel Jones,QB,NYG,1.0,KAN,8,8,Mon,22,32,68.75,222,2,1,96.1,3,13,6.94,6.78,17.1,5,12,0,0,0,0,1,0,17,20
157,Jacoby Brissett,QB,MIA,1.0,TAM,5,5,Sun,27,39,69.23,275,2,1,95.6,3,13,7.05,6.92,17.0,0,0,0,0,0,0,1,0,17,45
158,Ben Roethlisberger,QB,PIT,0.0,DEN,5,5,Sun,15,25,60.0,253,2,0,120.9,1,9,10.12,11.72,17.0,1,-1,0,0,0,0,1,1,27,19
159,Trevor Siemian,QB,NOR,0.0,ATL,8,9,Sun,25,41,60.98,249,2,0,94.5,1,15,6.07,7.05,17.0,0,0,0,0,0,0,1,0,25,27
160,Carson Wentz,QB,IND,0.0,HOU,6,6,Sun,11,20,55.0,223,2,0,127.7,2,9,11.15,13.15,17.0,2,1,0,0,0,0,0,1,31,3
161,Baker Mayfield,QB,CLE,0.0,CHI,3,3,Sun,19,31,61.29,246,1,0,97.0,5,43,7.94,8.58,16.9,4,31,0,0,0,0,0,1,26,6
162,Jameis Winston,QB,NOR,1.0,SEA,6,7,Mon,19,35,54.29,222,1,0,83.3,2,12,6.34,6.91,16.9,8,40,0,0,0,0,1,1,13,10
163,Mac Jones,QB,NWE,0.0,DAL,6,6,Sun,15,21,71.43,229,2,1,118.9,2,14,10.9,10.67,16.8,2,-4,0,0,0,0,1,0,29,35
164,Jimmy Garoppolo,QB,SFO,0.0,GNB,3,3,Sun,25,40,62.5,257,2,1,87.2,4,26,6.43,6.3,16.7,1,4,0,0,0,0,1,0,28,30
165,Jalen Hurts,QB,PHI,0.0,LAC,9,9,Sun,11,17,64.71,162,1,0,115.3,1,7,9.53,10.71,16.7,10,62,0,0,0,0,0,0,24,27
166,Baker Mayfield,QB,CLE,1.0,CIN,9,9,Sun,14,21,66.67,218,2,0,132.6,2,10,10.38,12.29,16.7,0,0,0,0,0,0,0,1,41,16
167,Baker Mayfield,QB,CLE,1.0,KAN,1,1,Sun,21,28,75.0,321,0,1,97.5,2,17,11.46,9.86,16.6,1,7,0,0,11,0,0,0,29,33
168,Matt Ryan,QB,ATL,1.0,NYG,3,3,Sun,27,36,75.0,243,2,0,111.2,3,16,6.75,7.86,16.6,1,-1,0,0,0,0,1,1,17,14
169,Russell Wilson,QB,SEA,1.0,MIN,3,3,Sun,23,32,71.88,298,1,0,111.2,2,15,9.31,9.94,16.6,3,7,0,0,0,0,0,0,17,30
170,Daniel Jones,QB,NYG,0.0,ATL,3,3,Sun,24,35,68.57,266,0,0,90.9,2,20,7.6,7.6,16.5,8,39,0,0,0,0,2,0,14,17
171,Tyrod Taylor,QB,HOU,1.0,CLE,2,2,Sun,10,11,90.91,125,1,0,144.3,0,0,11.36,13.18,16.5,1,15,1,0,0,0,0,0,21,31
172,Colt McCoy,QB,ARI,1.0,SFO,9,9,Sun,22,26,84.62,249,1,0,119.4,2,8,9.58,10.35,16.3,7,23,0,0,0,0,0,1,31,17
173,Ben Roethlisberger,QB,PIT,0.0,CHI,8,9,Mon,21,30,70.0,205,2,0,111.1,4,30,6.83,8.17,16.2,2,0,0,0,0,0,0,1,29,27
174,Tua Tagovailoa,QB,MIA,1.0,BUF,8,8,Sun,21,39,53.85,205,0,1,58.2,2,11,5.26,4.1,16.2,4,10,1,0,0,0,1,0,11,26
175,Jacoby Brissett,QB,MIA,0.0,IND,4,4,Sun,20,30,66.67,199,2,0,107.5,3,31,6.63,7.97,15.8,3,8,0,0,0,0,2,0,17,27
176,Justin Herbert,QB,LAC,0.0,NWE,7,8,Sun,18,35,51.43,223,2,2,66.7,3,17,6.37,4.94,15.8,2,9,0,0,0,0,0,0,24,27
177,Aaron Rodgers,QB,GNB,1.0,ARI,8,8,Thu,22,37,59.46,184,2,0,90.4,1,0,4.97,6.05,15.7,2,3,0,0,0,0,0,1,24,21
178,Trey Lance,QB,SFO,1.0,ARI,5,5,Sun,15,29,51.72,192,0,1,58.4,2,6,6.62,5.07,15.6,16,89,0,0,0,0,0,0,10,17
179,Derek Carr,QB,LVR,1.0,LAC,4,4,Mon,21,34,61.76,196,2,1,84.9,4,31,5.76,5.62,15.4,3,6,0,0,0,0,1,0,14,28
180,Mac Jones,QB,NWE,0.0,MIA,1,1,Sun,29,39,74.36,281,1,0,102.6,1,13,7.21,7.72,15.2,0,0,0,0,0,0,1,0,16,17
181,Baker Mayfield,QB,CLE,0.0,ARI,6,6,Sun,19,28,67.86,234,2,1,102.4,5,23,8.36,8.18,15.2,3,8,0,0,0,0,2,0,14,37
182,Matthew Stafford,QB,LAR,0.0,TEN,9,9,Sun,31,48,64.58,294,1,2,71.0,5,41,6.13,4.67,15.1,2,13,0,0,0,0,0,0,16,28
183,Patrick Mahomes,QB,KAN,0.0,NYG,8,8,Mon,29,48,60.42,275,1,1,74.6,2,14,5.73,5.21,15.0,3,10,0,0,0,0,1,1,20,17
184,Ryan Tannehill,QB,TEN,1.0,LAR,9,9,Sun,19,27,70.37,143,1,1,79.7,3,18,5.3,4.37,15.0,2,3,1,0,0,0,0,1,28,16
185,Teddy Bridgewater,QB,DEN,1.0,CLE,7,7,Thu,23,33,69.7,187,2,1,91.4,2,5,5.67,5.52,14.8,2,3,0,0,0,0,0,0,14,17
186,Ben Roethlisberger,QB,PIT,0.0,LVR,2,2,Sun,27,40,67.5,295,1,1,87.0,2,3,7.38,6.75,14.8,0,0,0,0,0,0,1,0,17,26
187,Mac Jones,QB,NWE,0.0,NOR,3,3,Sun,30,51,58.82,270,1,3,55.2,2,19,5.29,3.04,14.6,6,28,0,0,0,0,0,0,13,28
188,Ben Roethlisberger,QB,PIT,1.0,CLE,7,8,Sun,22,34,64.71,266,1,0,98.4,2,11,7.82,8.41,14.6,1,0,0,0,0,0,0,1,15,10
189,Kirk Cousins,QB,MIN,0.0,DET,5,5,Sun,25,34,73.53,275,1,1,94.6,2,11,8.09,7.35,14.4,1,4,0,0,0,0,0,1,19,17
190,Justin Fields,QB,CHI,0.0,GNB,6,6,Sun,16,27,59.26,174,1,1,75.2,4,37,6.44,5.52,14.3,6,43,0,0,0,0,0,0,14,24
191,Ryan Tannehill,QB,TEN,1.0,JAX,5,5,Sun,14,22,63.64,197,1,0,107.6,3,13,8.95,9.86,14.0,3,21,0,0,0,0,0,1,37,19
192,Ryan Tannehill,QB,TEN,0.0,BUF,6,6,Mon,18,29,62.07,216,0,1,70.5,0,0,7.45,5.9,13.9,2,3,1,0,0,0,0,1,34,31
193,Taylor Heinicke,QB,WAS,1.0,DEN,8,8,Sun,24,39,61.54,270,1,2,69.4,5,40,6.92,5.13,13.8,1,10,0,0,0,0,2,0,10,17
194,Lamar Jackson,QB,BAL,0.0,LAC,6,6,Sun,19,27,70.37,167,1,2,68.0,3,27,6.19,3.59,13.8,8,51,0,0,0,0,0,1,34,6
195,Kyler Murray,QB,ARI,0.0,SFO,5,5,Sun,22,31,70.97,239,1,0,104.1,2,29,7.71,8.35,13.7,7,1,0,0,0,0,2,1,17,10
196,Trevor Lawrence,QB,JAX,1.0,SEA,7,8,Sun,32,54,59.26,238,1,1,68.3,1,11,4.41,3.94,13.6,3,11,0,0,0,0,0,0,7,31
197,Jameis Winston,QB,NOR,1.0,NWE,3,3,Sun,13,21,61.9,128,2,0,110.8,3,18,6.1,8.0,13.5,5,4,0,0,0,0,0,1,28,13
198,Joe Burrow,QB,CIN,1.0,CHI,2,2,Sun,19,30,63.33,207,2,3,66.2,5,28,6.9,3.73,13.3,0,0,0,0,0,0,0,0,17,20
199,Derek Carr,QB,LVR,1.0,NYG,8,9,Sun,30,46,65.22,296,1,2,72.4,1,10,6.43,4.91,13.3,2,5,0,0,0,0,1,0,16,23
200,Kirk Cousins,QB,MIN,0.0,DAL,7,8,Sun,23,35,65.71,184,1,0,88.3,1,7,5.26,5.83,13.2,3,18,0,0,0,0,1,0,16,20
201,Jared Goff,QB,DET,1.0,LAR,7,7,Sun,22,36,61.11,268,1,2,70.1,2,7,7.44,5.5,13.0,1,3,0,0,0,0,0,0,19,28
202,Jameis Winston,QB,NOR,0.0,NYG,4,4,Sun,17,23,73.91,226,1,0,119.1,0,0,9.83,10.7,13.0,0,0,0,0,0,0,0,0,21,27
203,Jordan Love,QB,GNB,1.0,KAN,9,9,Sun,19,34,55.88,190,1,1,69.5,1,11,5.59,4.85,12.9,5,23,0,0,0,0,1,0,7,13
204,Case Keenum,QB,CLE,0.0,DEN,7,7,Thu,21,33,63.64,199,1,0,90.3,1,5,6.03,6.64,12.7,4,7,0,0,0,0,0,1,17,14
205,Josh Allen,QB,BUF,1.0,JAX,8,9,Sun,31,47,65.96,264,0,2,62.7,4,35,5.62,3.7,12.6,5,50,0,0,0,0,1,0,6,9
206,Teddy Bridgewater,QB,DEN,0.0,WAS,8,8,Sun,19,26,73.08,213,1,0,109.9,4,23,8.19,8.96,12.6,1,1,0,0,0,0,0,1,17,10
207,Mac Jones,QB,NWE,1.0,HOU,5,5,Sun,23,30,76.67,231,1,1,95.3,1,5,7.7,6.87,12.5,1,3,0,0,0,0,0,1,25,22
208,Justin Herbert,QB,LAC,1.0,BAL,6,6,Sun,22,39,56.41,195,1,1,67.8,2,13,5.0,4.36,12.0,2,12,0,0,0,0,0,0,6,34
209,Ben Roethlisberger,QB,PIT,1.0,BUF,1,1,Sun,18,32,56.25,188,1,0,83.9,2,11,5.88,6.5,12.0,4,5,0,0,0,0,1,1,23,16
210,Taylor Heinicke,QB,WAS,0.0,NOR,5,5,Sun,20,41,48.78,248,0,2,47.6,2,6,6.05,3.85,11.9,5,40,0,0,0,0,0,0,22,33
211,Ben Roethlisberger,QB,PIT,0.0,SEA,6,6,Sun,29,40,72.5,229,1,0,94.7,1,3,5.73,6.23,11.9,2,-3,0,0,0,0,1,1,23,20
212,Geno Smith,QB,SEA,0.0,NOR,7,7,Mon,12,22,54.55,167,1,0,94.3,5,38,7.59,8.5,11.9,3,12,0,0,0,0,0,0,10,13
213,Teddy Bridgewater,QB,DEN,0.0,NYJ,3,3,Sun,19,25,76.0,235,0,0,104.6,2,12,9.4,9.4,11.8,4,24,0,0,0,0,0,1,26,0
214,Sam Darnold,QB,CAR,1.0,ATL,8,8,Sun,13,24,54.17,129,0,0,69.6,0,0,5.38,5.38,11.8,8,66,0,0,0,0,0,1,19,13
215,Mac Jones,QB,NWE,1.0,LAC,8,8,Sun,18,35,51.43,217,0,0,70.8,1,7,6.2,6.2,11.7,4,10,0,0,0,0,0,1,27,24
216,Jacoby Brissett,QB,MIA,0.0,HOU,9,9,Sun,26,43,60.47,244,1,2,64.5,4,29,5.67,4.05,11.5,1,7,0,0,0,0,1,1,17,9
217,Trevor Lawrence,QB,JAX,0.0,ARI,3,3,Sun,22,34,64.71,219,1,2,68.1,3,17,6.44,4.38,11.5,6,27,0,0,0,0,2,0,19,31
218,Ben Roethlisberger,QB,PIT,1.0,GNB,4,4,Sun,26,40,65.0,232,1,1,78.3,2,12,5.8,5.18,11.3,0,0,0,0,0,0,1,0,17,27
219,Geno Smith,QB,SEA,1.0,PIT,6,6,Sun,23,32,71.88,209,1,0,99.6,5,44,6.53,7.16,11.3,1,-1,0,0,0,0,1,0,20,23
220,Jalen Hurts,QB,PHI,1.0,DET,8,8,Sun,9,14,64.29,103,0,0,86.3,0,0,7.36,7.36,11.2,7,71,0,0,0,0,0,1,44,6
221,Tom Brady,QB,TAM,1.0,NWE,4,4,Sun,22,43,51.16,269,0,0,70.8,1,8,6.26,6.26,11.1,4,3,0,0,0,0,0,1,19,17
222,Kirk Cousins,QB,MIN,0.0,CLE,4,4,Sun,20,38,52.63,203,1,1,66.0,2,13,5.34,4.68,11.1,2,0,0,0,0,0,0,0,7,14
223,Kyler Murray,QB,ARI,0.0,GNB,8,8,Thu,22,33,66.67,274,0,2,67.0,2,14,8.3,5.58,11.1,6,21,0,0,0,0,1,0,21,24
224,Davis Mills,QB,HOU,0.0,CAR,3,3,Thu,19,28,67.86,168,1,0,95.5,4,17,6.0,6.71,10.7,1,0,0,0,0,0,0,0,9,24
225,Taylor Heinicke,QB,WAS,0.0,LAC,1,1,Sun,11,15,73.33,122,1,0,119.3,0,0,8.13,9.47,10.6,3,17,0,0,0,0,0,0,16,20
226,Trevor Siemian,QB,NOR,0.0,TAM,7,8,Sun,16,29,55.17,159,1,0,82.4,1,6,5.48,6.17,10.6,2,2,0,0,0,0,1,1,36,27
227,Geno Smith,QB,SEA,0.0,LAR,5,5,Thu,10,17,58.82,131,1,1,78.3,0,0,7.71,6.24,10.5,3,23,0,0,0,0,0,0,17,26
228,Patrick Mahomes,QB,KAN,0.0,GNB,9,9,Sun,20,37,54.05,166,1,0,74.8,1,6,4.49,5.03,10.4,2,-2,0,0,0,0,0,1,13,7
229,Taylor Heinicke,QB,WAS,0.0,KAN,6,6,Sun,24,39,61.54,182,1,1,70.7,0,0,4.67,4.03,10.3,0,0,0,0,0,0,0,0,13,31
230,Jameis Winston,QB,NOR,1.0,CAR,2,2,Sun,11,22,50.0,111,0,2,26.9,4,31,5.05,0.95,10.3,3,19,1,0,0,0,0,0,7,26
231,Jameis Winston,QB,NOR,0.0,TAM,7,8,Sun,6,10,60.0,56,1,0,108.7,0,0,5.6,7.6,10.2,4,40,0,0,0,0,0,1,36,27
232,Mike White,QB,NYJ,1.0,NWE,6,7,Sun,20,32,62.5,202,1,2,64.8,1,8,6.31,4.13,10.1,0,0,0,0,0,0,0,0,13,54
233,Russell Wilson,QB,SEA,0.0,LAR,5,5,Thu,11,16,68.75,152,1,1,93.7,2,21,9.5,7.94,10.1,2,10,0,0,0,0,0,0,17,26
234,Mike Glennon,QB,NYG,1.0,DAL,5,5,Sun,16,25,64.0,196,1,2,68.1,0,0,7.84,5.04,10.0,2,2,0,0,0,0,1,0,20,44
235,Patrick Mahomes,QB,KAN,1.0,TEN,7,7,Sun,20,35,57.14,206,0,1,62.3,4,31,5.89,4.6,9.7,6,35,0,0,0,0,2,0,3,27
236,Jimmy Garoppolo,QB,SFO,0.0,SEA,4,4,Sun,14,23,60.87,165,1,1,79.1,1,7,7.17,6.09,9.6,0,0,0,0,0,0,0,0,21,28
237,Baker Mayfield,QB,CLE,0.0,PIT,8,8,Sun,20,31,64.52,225,0,0,86.1,4,15,7.26,7.26,9.5,1,5,0,0,0,0,0,0,10,15
238,Joe Burrow,QB,CIN,0.0,CLE,9,9,Sun,28,40,70.0,282,0,2,69.0,5,25,7.05,4.8,9.4,2,1,0,0,0,0,1,0,16,41
239,Baker Mayfield,QB,CLE,1.0,MIN,4,4,Sun,15,33,45.45,155,0,0,59.5,3,12,4.7,4.7,9.3,2,11,0,0,0,0,0,1,14,7
240,Jared Goff,QB,DET,0.0,CIN,6,6,Sun,28,42,66.67,202,0,1,67.8,1,10,4.81,3.74,9.2,1,1,0,0,0,0,0,0,11,34
241,Sam Darnold,QB,CAR,0.0,PHI,5,5,Sun,21,37,56.76,177,1,3,44.5,3,19,4.78,1.68,9.1,2,10,0,0,0,0,0,0,18,21
242,Jared Goff,QB,DET,0.0,BAL,3,3,Sun,22,30,73.33,217,0,0,93.3,2,25,7.23,7.23,9.1,1,4,0,0,0,0,0,0,17,19
243,Daniel Jones,QB,NYG,0.0,LVR,9,9,Sun,15,20,75.0,110,1,0,104.2,2,6,5.5,6.5,9.1,4,17,0,0,0,0,1,1,23,16
244,Zach Wilson,QB,NYJ,1.0,ATL,5,5,Sun,19,32,59.38,192,0,1,63.5,2,26,6.0,4.59,9.0,1,3,0,0,0,0,0,0,20,27
245,Jared Goff,QB,DET,0.0,PHI,8,8,Sun,25,34,73.53,222,0,0,90.6,5,45,6.53,6.53,8.9,0,0,0,0,0,0,1,0,6,44
246,Tyrod Taylor,QB,HOU,1.0,MIA,9,9,Sun,24,43,55.81,240,0,3,42.8,5,41,5.58,2.44,8.9,3,23,0,0,0,0,0,0,9,17
247,Justin Fields,QB,CHI,1.0,LVR,5,5,Sun,12,20,60.0,111,1,0,91.9,2,10,5.55,6.55,8.8,3,4,0,0,0,0,1,1,20,9
248,Trevor Lawrence,QB,JAX,0.0,DEN,2,2,Sun,14,33,42.42,118,1,2,37.2,1,4,3.58,1.45,8.8,2,21,0,0,0,0,0,0,13,23
249,Andy Dalton,QB,CHI,0.0,CIN,2,2,Sun,9,11,81.82,56,1,0,118.2,1,8,5.09,6.91,8.7,2,25,0,0,0,0,0,1,20,17
250,Dak Prescott,QB,DAL,1.0,LAC,2,2,Sun,23,27,85.19,237,0,1,87.8,1,10,8.78,7.11,8.5,0,0,0,0,0,0,1,1,20,17
251,Justin Fields,QB,CHI,0.0,DET,4,4,Sun,11,17,64.71,209,0,1,82.7,1,24,12.29,9.65,8.3,3,9,0,0,0,0,1,1,24,14
252,Derek Carr,QB,LVR,0.0,CHI,5,5,Sun,22,35,62.86,206,0,1,67.1,3,18,5.89,4.6,8.2,3,10,0,0,0,0,0,0,9,20
253,Jimmy Garoppolo,QB,SFO,0.0,IND,6,7,Sun,16,27,59.26,181,1,2,60.9,2,12,6.7,4.11,8.2,2,0,0,0,0,0,2,0,18,30
254,Davis Mills,QB,HOU,1.0,IND,6,6,Sun,29,43,67.44,243,0,2,62.5,2,14,5.65,3.56,8.2,2,5,0,0,0,0,0,0,3,31
255,Jared Goff,QB,DET,1.0,MIN,5,5,Sun,21,35,60.0,203,0,1,64.3,4,23,5.8,4.51,8.1,0,0,0,0,0,0,1,0,17,19
256,Daniel Jones,QB,NYG,0.0,LAR,6,6,Sun,29,51,56.86,242,0,3,44.7,4,41,4.75,2.1,8.1,3,4,0,0,0,0,2,0,11,38
257,Matt Ryan,QB,ATL,0.0,CAR,7,8,Sun,20,27,74.07,146,1,2,67.8,3,15,5.41,2.81,8.1,2,3,0,0,0,0,1,0,13,19
258,Mac Jones,QB,NWE,1.0,CAR,9,9,Sun,12,18,66.67,139,1,1,85.2,2,17,7.72,6.33,8.0,2,4,0,0,0,0,1,1,24,6
259,Carson Wentz,QB,IND,1.0,TEN,3,3,Sun,19,37,51.35,194,0,0,66.7,2,16,5.24,5.24,7.8,0,0,0,0,0,0,0,0,16,25
260,Mike White,QB,NYJ,1.0,IND,8,9,Thu,7,11,63.64,95,1,0,121.4,0,0,8.64,10.45,7.8,0,0,0,0,0,0,0,0,30,45
261,Andy Dalton,QB,CHI,1.0,LAR,1,1,Sun,27,38,71.05,206,0,1,72.9,3,28,5.42,4.24,7.5,2,13,0,0,0,0,1,0,14,34
262,Mac Jones,QB,NWE,1.0,NYJ,2,2,Sun,22,30,73.33,186,0,0,89.0,3,27,6.2,6.2,7.4,0,0,0,0,0,0,1,1,25,6
263,Matt Ryan,QB,ATL,0.0,PHI,1,1,Sun,21,35,60.0,164,0,0,71.6,3,28,4.69,4.69,7.4,2,8,0,0,0,0,1,0,6,32
264,Mitchell Trubisky,QB,BUF,0.0,HOU,4,4,Sun,1,1,100.0,8,0,0,100.0,0,0,8.0,8.0,7.3,4,10,1,0,0,0,0,1,40,0
265,Davis Mills,QB,HOU,1.0,CLE,2,2,Sun,8,18,44.44,102,1,1,58.1,1,7,5.67,4.28,7.0,2,-1,0,0,0,0,1,0,21,31
266,Teddy Bridgewater,QB,DEN,0.0,BAL,4,4,Sun,7,16,43.75,65,1,0,76.3,2,15,4.06,5.31,6.8,1,2,0,0,0,0,0,0,7,23
267,Justin Fields,QB,CHI,1.0,LAR,1,1,Sun,2,2,100.0,10,0,0,87.5,0,0,5.0,5.0,6.7,1,3,1,0,0,0,0,0,14,34
268,Jacoby Brissett,QB,MIA,0.0,BUF,2,2,Sun,24,40,60.0,169,0,1,59.3,4,24,4.23,3.1,6.6,4,8,0,0,0,0,0,0,0,35
269,Zach Wilson,QB,NYJ,0.0,NWE,2,2,Sun,19,33,57.58,210,0,4,37.0,4,26,6.36,0.91,6.3,3,19,0,0,0,0,0,0,6,25
270,Justin Fields,QB,CHI,1.0,TAM,7,7,Sun,22,32,68.75,184,0,3,44.3,4,16,5.75,1.53,6.2,8,38,0,0,0,0,3,0,3,38
271,Trevor Lawrence,QB,JAX,0.0,BUF,8,9,Sun,15,26,57.69,118,0,0,69.1,2,12,4.54,4.54,5.1,3,4,0,0,0,0,0,1,9,6
272,Sam Darnold,QB,CAR,0.0,NWE,9,9,Sun,16,33,48.48,172,0,3,26.3,1,10,5.21,1.12,4.8,3,9,0,0,0,0,1,0,6,24
273,Daniel Jones,QB,NYG,1.0,DAL,5,5,Sun,5,13,38.46,98,0,0,65.5,0,0,7.54,7.54,4.8,3,9,0,0,0,0,0,0,20,44
274,Zach Wilson,QB,NYJ,1.0,DEN,3,3,Sun,19,35,54.29,160,0,2,42.6,5,41,4.57,2.0,4.6,1,2,0,0,0,0,0,0,0,26
275,Justin Fields,QB,CHI,0.0,CIN,2,2,Sun,6,13,46.15,60,0,1,27.7,2,25,4.62,1.15,4.5,10,31,0,0,0,0,1,1,20,17
276,Trey Lance,QB,SFO,1.0,DET,1,1,Sun,1,1,100.0,5,1,0,127.1,0,0,5.0,25.0,4.4,3,2,0,0,0,0,0,1,41,33
277,Davis Mills,QB,HOU,1.0,ARI,7,7,Sun,23,32,71.88,135,0,0,79.6,2,17,4.22,4.22,4.4,0,0,0,0,0,0,1,0,5,31
278,Brandon Allen,QB,CIN,1.0,DET,6,6,Sun,1,1,100.0,7,1,0,135.4,0,0,7.0,27.0,4.0,3,-3,0,0,0,0,0,1,34,11
279,Justin Fields,QB,CHI,1.0,CLE,3,3,Sun,6,20,30.0,68,0,0,41.2,9,67,3.4,3.4,3.9,3,12,0,0,0,0,0,0,6,26
280,Chad Henne,QB,KAN,1.0,TEN,7,7,Sun,11,16,68.75,82,0,0,80.7,0,0,5.13,5.13,3.7,1,4,0,0,0,0,0,0,3,27
281,Sam Darnold,QB,CAR,1.0,NYG,7,7,Sun,16,25,64.0,112,0,1,57.4,3,12,4.48,2.68,3.5,0,0,0,0,0,0,0,0,3,25
282,Drew Lock,QB,DEN,0.0,BAL,4,4,Sun,12,21,57.14,113,0,1,52.3,3,15,5.38,3.24,3.5,0,0,0,0,0,0,0,0,7,23
283,Aaron Rodgers,QB,GNB,1.0,NOR,1,1,Sun,15,28,53.57,133,0,2,36.8,1,11,4.75,1.54,3.3,0,0,0,0,0,0,0,0,3,38
284,Brian Hoyer,QB,NWE,0.0,NYJ,7,7,Sun,3,4,75.0,79,0,0,116.7,0,0,19.75,19.75,2.9,3,-3,0,0,0,0,0,1,54,13
285,Phillip Walker,QB,CAR,1.0,NYG,7,7,Sun,3,14,21.43,33,0,0,39.6,3,16,2.36,2.36,2.6,1,13,0,0,0,0,0,0,3,25
286,Zach Wilson,QB,NYJ,1.0,NWE,6,7,Sun,6,10,60.0,51,0,0,73.3,1,8,5.1,5.1,2.0,0,0,0,0,0,0,0,0,13,54
287,Mitchell Trubisky,QB,BUF,0.0,WAS,3,3,Sun,1,1,100.0,1,0,0,79.2,0,0,1.0,1.0,1.9,4,19,0,0,0,0,0,1,43,21
288,Taysom Hill,QB,NOR,0.0,ATL,8,9,Sun,2,2,100.0,33,0,0,118.7,0,0,16.5,16.5,1.7,1,4,0,0,0,0,0,0,25,27
289,Jordan Love,QB,GNB,1.0,NOR,1,1,Sun,5,7,71.43,68,0,0,102.1,1,4,9.71,9.71,1.7,0,0,0,0,0,0,1,0,3,38
290,Tyler Huntley,QB,BAL,0.0,CIN,7,7,Sun,5,11,45.45,39,0,0,54.7,0,0,3.55,3.55,1.6,0,0,0,0,0,0,0,0,17,41
291,Blaine Gabbert,QB,TAM,0.0,MIA,5,5,Sun,3,3,100.0,41,0,0,118.7,0,0,13.67,13.67,1.5,3,-1,0,0,0,0,0,1,45,17
292,C.J. Beathard,QB,JAX,0.0,BUF,8,9,Sun,2,2,100.0,33,0,0,118.7,0,0,16.5,16.5,1.3,0,0,0,0,0,0,0,1,9,6
293,Jacoby Brissett,QB,MIA,1.0,JAX,6,6,Sun,1,1,100.0,25,0,0,118.7,0,0,25.0,25.0,1.0,0,0,0,0,0,0,0,0,20,23
294,Ryan Fitzpatrick,QB,WAS,0.0,LAC,1,1,Sun,3,6,50.0,13,0,0,56.2,1,2,2.17,2.17,0.7,1,2,0,0,0,0,1,0,16,20
295,Josh Johnson,QB,NYJ,0.0,CIN,7,8,Sun,2,4,50.0,17,0,0,61.5,0,0,4.25,4.25,0.7,0,0,0,0,0,0,0,1,34,31
296,Blaine Gabbert,QB,TAM,0.0,CHI,7,7,Sun,2,3,66.67,15,0,0,78.5,0,0,5.0,5.0,0.6,0,0,0,0,0,0,0,1,38,3
297,Tua Tagovailoa,QB,MIA,0.0,BUF,2,2,Sun,1,4,25.0,13,0,0,40.6,2,13,3.25,3.25,0.5,0,0,0,0,0,0,0,0,0,35
298,Gardner Minshew II,QB,PHI,1.0,DET,8,8,Sun,2,2,100.0,11,0,0,89.6,0,0,5.5,5.5,0.4,0,0,0,0,0,0,0,1,44,6
299,Andy Dalton,QB,CHI,1.0,LVR,5,5,Sun,1,1,100.0,8,0,0,100.0,0,0,8.0,8.0,0.3,0,0,0,0,0,0,0,1,20,9
300,Brandon Allen,QB,CIN,0.0,CLE,9,9,Sun,1,2,50.0,6,0,0,56.2,0,0,3.0,3.0,0.2,1,0,0,0,0,0,0,0,16,41
301,Taysom Hill,QB,NOR,0.0,GNB,1,1,Sun,1,1,100.0,3,0,0,79.2,0,0,3.0,3.0,0.2,2,1,0,0,0,0,0,1,38,3
302,Case Keenum,QB,CLE,0.0,ARI,6,6,Sun,1,3,33.33,6,0,0,42.4,0,0,2.0,2.0,0.2,0,0,0,0,0,0,0,0,14,37
303,John Wolford,QB,LAR,1.0,HOU,8,8,Sun,1,2,50.0,5,0,0,56.2,1,8,2.5,2.5,0.2,0,0,0,0,0,0,0,1,38,22
304,Jacob Eason,QB,IND,0.0,LAR,2,2,Sun,2,5,40.0,25,0,1,16.7,0,0,5.0,-4.0,0.0,0,0,0,0,0,0,0,0,24,27
305,Josh Rosen,QB,ATL,1.0,TAM,2,2,Sun,0,2,0.0,0,0,0,39.6,0,0,0.0,0.0,0.0,0,0,0,0,0,0,0,0,25,48
