,player,pos,team,opp_home,opp,game,week,day,rush_att,rush_yds,rush_yda,rush_td,rec_tgt,rec,rec_yds,rec_ydr,rec_td,rec_pct,rec_ydtgt,dk_pt,pass_cmp,pass_att,pass_yds,pass_td,pass_int,fmb,team_win,team_score,opp_score
0,Derrick Henry,RB,TEN,1.0,SEA,2,2,Sun,35,182,5.2,3,6,6,55,9.17,0,100.00%,9.17,50.7,0,0,0,0,0,0,1,33,30
1,Aaron Jones,RB,GNB,0.0,DET,2,2,Mon,17,67,3.94,1,6,6,48,8.0,3,100.00%,8.0,41.5,0,0,0,0,0,0,1,35,17
2,James Conner,RB,ARI,1.0,SFO,9,9,Sun,21,96,4.57,2,5,5,77,15.4,1,100.00%,15.4,40.3,0,0,0,0,0,1,1,31,17
3,Derrick Henry,RB,TEN,0.0,BUF,6,6,Mon,20,143,7.15,3,3,2,13,6.5,0,66.70%,4.33,38.6,0,0,0,0,0,0,1,34,31
4,Jonathan Taylor,RB,IND,0.0,NYJ,9,9,Thu,19,172,9.05,2,2,2,28,14.0,0,100.00%,14.0,37.0,0,0,0,0,0,1,1,45,30
5,Alvin Kamara,RB,NOR,1.0,SEA,6,7,Mon,20,51,2.55,0,11,10,128,12.8,1,90.90%,11.64,36.9,0,0,0,0,0,0,1,13,10
6,Jonathan Taylor,RB,IND,1.0,BAL,5,5,Mon,15,53,3.53,1,4,3,116,38.67,1,75.00%,29.0,34.9,0,0,0,0,0,0,0,25,31
7,Cordarrelle Patterson,RB,ATL,0.0,WAS,4,4,Sun,6,34,5.67,0,6,5,82,16.4,3,83.30%,13.67,34.6,0,0,0,0,0,0,0,30,34
8,Derrick Henry,RB,TEN,1.0,JAX,5,5,Sun,29,130,4.48,3,0,0,0,0.0,0,0.00%,0.0,34.0,0,0,0,0,0,0,1,37,19
9,Austin Ekeler,RB,LAC,0.0,CLE,5,5,Sun,17,66,3.88,2,5,5,53,10.6,1,100.00%,10.6,33.9,0,0,0,0,0,2,1,47,42
10,Nick Chubb,RB,CLE,1.0,CIN,9,9,Sun,14,137,9.79,2,2,2,26,13.0,0,100.00%,13.0,33.3,0,0,0,0,0,1,1,41,16
11,Austin Ekeler,RB,LAC,0.0,LVR,4,4,Mon,15,117,7.8,1,5,3,28,9.33,1,60.00%,5.6,32.5,0,0,0,0,0,0,1,28,14
12,Michael Carter,RB,NYJ,0.0,CIN,7,8,Sun,15,77,5.13,1,14,9,95,10.56,0,64.30%,6.79,32.2,0,0,0,0,0,0,1,34,31
13,Myles Gaskin,RB,MIA,1.0,TAM,5,5,Sun,5,25,5.0,0,10,10,74,7.4,2,100.00%,7.4,31.9,0,0,0,0,0,0,0,17,45
14,Jonathan Taylor,RB,IND,0.0,HOU,6,6,Sun,14,145,10.36,2,2,1,13,13.0,0,50.00%,6.5,31.8,0,0,0,0,0,0,1,31,3
15,Najee Harris,RB,PIT,0.0,CIN,3,3,Sun,14,40,2.86,0,19,14,102,7.29,0,73.70%,5.37,31.2,0,0,0,0,0,0,0,10,24
16,Leonard Fournette,RB,TAM,1.0,PHI,6,6,Thu,22,81,3.68,2,6,6,46,7.67,0,100.00%,7.67,30.7,0,0,0,0,0,0,1,28,22
17,Alexander Mattison,RB,MIN,0.0,DET,5,5,Sun,25,113,4.52,0,7,7,40,5.71,1,100.00%,5.71,30.3,0,0,0,0,0,1,1,19,17
18,Saquon Barkley,RB,NYG,1.0,NOR,4,4,Sun,13,52,4.0,1,6,5,74,14.8,1,83.30%,12.33,29.6,0,0,0,0,0,1,1,27,21
19,Alvin Kamara,RB,NOR,1.0,WAS,5,5,Sun,16,71,4.44,1,8,5,51,10.2,1,62.50%,6.38,29.2,0,0,0,0,0,0,1,33,22
20,Derrick Henry,RB,TEN,1.0,NYJ,4,4,Sun,33,157,4.76,1,2,2,20,10.0,0,100.00%,10.0,28.7,0,0,0,0,0,0,0,24,27
21,D'Andre Swift,RB,DET,1.0,LAR,7,7,Sun,13,48,3.69,0,10,8,96,12.0,1,80.00%,9.6,28.4,0,0,0,0,0,0,0,19,28
22,Damien Harris,RB,NWE,0.0,NYJ,7,7,Sun,14,106,7.57,2,2,2,7,3.5,0,100.00%,3.5,28.3,0,0,0,0,0,0,1,54,13
23,Ezekiel Elliott,RB,DAL,0.0,NYG,5,5,Sun,21,110,5.24,1,3,2,2,1.0,1,66.70%,0.67,28.2,0,0,0,0,0,0,1,44,20
24,Joe Mixon,RB,CIN,0.0,CLE,9,9,Sun,13,64,4.92,2,5,5,46,9.2,0,100.00%,9.2,28.0,0,0,0,0,0,0,0,16,41
25,Joe Mixon,RB,CIN,0.0,MIN,1,1,Sun,29,127,4.38,1,4,4,23,5.75,0,100.00%,5.75,28.0,0,0,0,0,0,0,1,27,24
26,D'Ernest Johnson,RB,CLE,0.0,DEN,7,7,Thu,22,146,6.64,1,2,2,22,11.0,0,100.00%,11.0,27.8,0,0,0,0,0,0,1,17,14
27,Christian McCaffrey,RB,CAR,0.0,NYJ,1,1,Sun,21,98,4.67,0,9,9,89,9.89,0,100.00%,9.89,27.7,0,0,0,0,0,0,1,19,14
28,Kareem Hunt,RB,CLE,0.0,CHI,3,3,Sun,10,81,8.1,1,7,6,74,12.33,0,85.70%,10.57,27.5,0,0,0,0,0,0,1,26,6
29,Nick Chubb,RB,CLE,1.0,LAC,5,5,Sun,21,161,7.67,1,1,1,9,9.0,0,100.00%,9.0,27.0,0,0,0,0,0,0,0,42,47
30,Ezekiel Elliott,RB,DAL,0.0,PHI,3,3,Mon,17,95,5.59,2,3,3,21,7.0,0,100.00%,7.0,26.6,0,0,0,0,0,0,1,41,21
31,Joe Mixon,RB,CIN,1.0,DET,6,6,Sun,18,94,5.22,0,6,5,59,11.8,1,83.30%,9.83,26.3,0,0,0,0,0,1,1,34,11
32,Peyton Barber,RB,LVR,0.0,MIA,3,3,Sun,23,111,4.83,1,5,3,31,10.33,0,60.00%,6.2,26.2,0,0,0,0,0,1,1,31,28
33,Alexander Mattison,RB,MIN,0.0,SEA,3,3,Sun,26,112,4.31,0,8,6,59,9.83,0,75.00%,7.38,26.1,0,0,0,0,0,0,1,30,17
34,Tony Pollard,RB,DAL,1.0,LAC,2,2,Sun,13,109,8.38,1,3,3,31,10.33,0,100.00%,10.33,26.0,0,0,0,0,0,0,1,20,17
35,Kareem Hunt,RB,CLE,1.0,LAC,5,5,Sun,12,61,5.08,2,6,5,28,5.6,0,83.30%,4.67,25.9,0,0,0,0,0,0,0,42,47
36,David Montgomery,RB,CHI,0.0,DET,4,4,Sun,23,106,4.61,2,0,0,0,0.0,0,0.00%,0.0,25.6,0,0,0,0,0,0,1,24,14
37,James Robinson,RB,JAX,0.0,ARI,3,3,Sun,15,88,5.87,1,6,6,46,7.67,0,100.00%,7.67,25.4,0,0,0,0,0,1,0,19,31
38,Dalvin Cook,RB,MIN,1.0,CAR,6,6,Sun,29,140,4.83,1,2,2,3,1.5,0,100.00%,1.5,25.3,0,0,0,0,0,1,1,34,28
39,Najee Harris,RB,PIT,0.0,DEN,5,5,Sun,23,122,5.3,1,5,2,20,10.0,0,40.00%,4.0,25.2,0,0,0,0,0,0,1,27,19
40,Joe Mixon,RB,CIN,1.0,NYJ,8,8,Sun,14,33,2.36,1,5,4,58,14.5,1,80.00%,11.6,25.1,0,0,0,0,0,0,0,31,34
41,Jamaal Williams,RB,DET,0.0,SFO,1,1,Sun,9,54,6.0,1,9,8,56,7.0,0,88.90%,6.22,25.0,0,0,0,0,0,0,0,33,41
42,Najee Harris,RB,PIT,0.0,SEA,6,6,Sun,24,81,3.38,0,7,6,46,7.67,1,85.70%,6.57,24.7,0,0,0,0,0,0,1,23,20
43,Darrell Henderson,RB,LAR,1.0,NYG,6,6,Sun,21,78,3.71,1,3,2,29,14.5,1,66.70%,9.67,24.7,0,0,0,0,0,0,1,38,11
44,Christian McCaffrey,RB,CAR,0.0,NOR,2,2,Sun,24,72,3.0,1,6,5,65,13.0,0,83.30%,10.83,24.7,0,0,0,0,0,0,1,26,7
45,James Robinson,RB,JAX,0.0,TEN,5,5,Sun,18,149,8.28,1,1,1,-2,-2.0,0,100.00%,-2.0,24.7,0,0,0,0,0,0,0,19,37
46,Austin Ekeler,RB,LAC,0.0,NWE,7,8,Sun,11,64,5.82,1,10,6,60,10.0,0,60.00%,6.0,24.4,0,0,0,0,0,0,0,24,27
47,D'Andre Swift,RB,DET,0.0,SFO,1,1,Sun,11,39,3.55,0,11,8,65,8.13,1,72.70%,5.91,24.4,0,0,0,0,0,0,0,33,41
48,Aaron Jones,RB,GNB,1.0,ARI,8,8,Thu,15,59,3.93,1,11,7,51,7.29,0,63.60%,4.64,24.0,0,0,0,0,0,0,1,24,21
49,Cordarrelle Patterson,RB,ATL,1.0,TAM,2,2,Sun,7,11,1.57,1,7,5,58,11.6,1,71.40%,8.29,23.9,0,0,0,0,0,1,0,25,48
50,Darrel Williams,RB,KAN,1.0,WAS,6,6,Sun,21,62,2.95,2,4,3,27,9.0,0,75.00%,6.75,23.9,0,0,0,0,0,0,1,31,13
51,Melvin Gordon,RB,DEN,1.0,NYG,1,1,Sun,11,101,9.18,1,3,3,17,5.67,0,100.00%,5.67,23.8,0,0,0,0,0,0,1,27,13
52,D'Andre Swift,RB,DET,0.0,BAL,3,3,Sun,14,47,3.36,1,7,7,60,8.57,0,100.00%,8.57,23.7,0,1,0,0,0,0,0,17,19
53,Jonathan Taylor,RB,IND,1.0,MIA,4,4,Sun,16,103,6.44,1,3,3,11,3.67,0,100.00%,3.67,23.4,0,0,0,0,0,0,1,27,17
54,Ezekiel Elliott,RB,DAL,0.0,CAR,4,4,Sun,20,143,7.15,1,1,0,0,0.0,0,0.00%,0.0,23.3,0,0,0,0,0,0,1,36,28
55,Nick Chubb,RB,CLE,1.0,KAN,1,1,Sun,15,83,5.53,2,2,2,18,9.0,0,100.00%,9.0,23.1,0,0,0,0,0,1,0,29,33
56,Austin Ekeler,RB,LAC,1.0,KAN,3,3,Sun,11,55,5.0,0,6,6,52,8.67,1,100.00%,8.67,22.7,0,0,0,0,0,0,1,30,24
57,Elijah Mitchell,RB,SFO,1.0,CHI,7,8,Sun,18,137,7.61,1,0,0,0,0.0,0,0.00%,0.0,22.7,0,0,0,0,0,0,1,33,22
58,Cordarrelle Patterson,RB,ATL,1.0,NOR,8,9,Sun,9,10,1.11,0,6,6,126,21.0,0,100.00%,21.0,22.6,0,0,0,0,0,1,1,27,25
59,Austin Ekeler,RB,LAC,0.0,DAL,2,2,Sun,9,54,6.0,0,9,9,61,6.78,0,100.00%,6.78,22.5,0,0,0,0,0,0,0,17,20
60,Clyde Edwards-Helaire,RB,KAN,1.0,PHI,4,4,Sun,14,102,7.29,0,3,2,12,6.0,1,66.70%,4.0,22.4,0,0,0,0,0,0,1,42,30
61,Derrick Henry,RB,TEN,0.0,IND,3,3,Sun,28,113,4.04,0,3,3,31,10.33,0,100.00%,10.33,22.4,0,0,0,0,0,0,1,25,16
62,D'Andre Swift,RB,DET,1.0,MIN,5,5,Sun,11,51,4.64,1,6,6,53,8.83,0,100.00%,8.83,22.4,0,0,0,0,0,0,0,17,19
63,Darrell Henderson,RB,LAR,1.0,HOU,8,8,Sun,14,90,6.43,1,2,1,3,3.0,1,50.00%,1.5,22.3,0,0,0,0,0,0,1,38,22
64,Jonathan Taylor,RB,IND,1.0,SFO,7,7,Sun,18,107,5.94,1,3,3,3,1.0,0,100.00%,1.0,22.0,0,0,0,0,0,2,1,30,18
65,David Montgomery,RB,CHI,1.0,LAR,1,1,Sun,16,108,6.75,1,1,1,10,10.0,0,100.00%,10.0,21.8,0,0,0,0,0,0,0,14,34
66,Saquon Barkley,RB,NYG,0.0,ATL,3,3,Sun,16,51,3.19,1,7,6,43,7.17,0,85.70%,6.14,21.4,0,0,0,0,0,0,0,14,17
67,Dalvin Cook,RB,MIN,1.0,CIN,1,1,Sun,20,61,3.05,1,7,6,43,7.17,0,85.70%,6.14,21.4,0,0,0,0,0,1,0,24,27
68,Chuba Hubbard,RB,CAR,0.0,PHI,5,5,Sun,24,101,4.21,0,6,5,33,6.6,0,83.30%,5.5,21.4,0,0,0,0,0,0,0,18,21
69,Kenyan Drake,RB,LVR,1.0,DEN,6,6,Sun,4,34,8.5,1,2,2,39,19.5,1,100.00%,19.5,21.3,0,0,0,0,0,0,1,34,24
70,Khalil Herbert,RB,CHI,1.0,TAM,7,7,Sun,18,100,5.56,0,5,5,33,6.6,0,100.00%,6.6,21.3,0,0,0,0,0,0,0,3,38
71,Antonio Gibson,RB,WAS,0.0,NOR,5,5,Sun,20,60,3.0,2,2,2,12,6.0,0,100.00%,6.0,21.2,0,0,0,0,0,0,0,22,33
72,Jonathan Taylor,RB,IND,0.0,TEN,8,8,Sun,16,70,4.38,1,4,3,52,17.33,0,75.00%,13.0,21.2,0,0,0,0,0,0,0,31,34
73,Najee Harris,RB,PIT,1.0,GNB,4,4,Sun,15,62,4.13,1,7,6,29,4.83,0,85.70%,4.14,21.1,0,0,0,0,0,0,0,17,27
74,Leonard Fournette,RB,TAM,0.0,MIA,5,5,Sun,12,67,5.58,1,5,4,43,10.75,0,80.00%,8.6,21.0,0,0,0,0,0,0,1,45,17
75,Najee Harris,RB,PIT,1.0,CLE,7,8,Sun,26,91,3.5,1,3,3,29,9.67,0,100.00%,9.67,21.0,0,0,0,0,0,0,1,15,10
76,Aaron Jones,RB,GNB,1.0,CHI,6,6,Sun,13,76,5.85,0,4,4,34,8.5,1,100.00%,8.5,21.0,0,0,0,0,0,0,1,24,14
77,Chase Edmonds,RB,ARI,1.0,LAR,4,4,Sun,12,120,10.0,0,5,4,19,4.75,0,80.00%,3.8,20.9,0,0,0,0,0,0,1,37,20
78,Clyde Edwards-Helaire,RB,KAN,0.0,LAC,3,3,Sun,17,100,5.88,0,2,2,9,4.5,1,100.00%,4.5,20.9,0,0,0,0,0,1,0,24,30
79,Kenneth Gainwell,RB,PHI,0.0,KAN,4,4,Sun,3,31,10.33,1,8,6,58,9.67,0,75.00%,7.25,20.9,0,0,0,0,0,0,0,30,42
80,Devontae Booker,RB,NYG,1.0,DAL,5,5,Sun,16,42,2.63,1,4,3,16,5.33,1,75.00%,4.0,20.8,0,0,0,0,0,0,0,20,44
81,Damien Harris,RB,NWE,0.0,DAL,6,6,Sun,18,101,5.61,1,1,1,7,7.0,0,100.00%,7.0,20.8,0,0,0,0,0,0,0,29,35
82,Nyheim Hines,RB,IND,0.0,NYJ,9,9,Thu,6,74,12.33,1,6,4,34,8.5,0,66.70%,5.67,20.8,0,0,0,0,0,0,1,45,30
83,Alvin Kamara,RB,NOR,1.0,NWE,3,3,Sun,24,89,3.71,0,4,3,29,9.67,1,75.00%,7.25,20.8,0,0,0,0,0,0,1,28,13
84,James Conner,RB,ARI,1.0,LAR,4,4,Sun,18,50,2.78,2,2,2,16,8.0,0,100.00%,8.0,20.6,0,0,0,0,0,1,1,37,20
85,James Robinson,RB,JAX,1.0,CIN,4,4,Thu,18,78,4.33,2,2,1,-2,-2.0,0,50.00%,-1.0,20.6,0,0,0,0,0,0,0,21,24
86,Alvin Kamara,RB,NOR,0.0,ATL,8,9,Sun,13,50,3.85,1,7,4,54,13.5,0,57.10%,7.71,20.4,0,0,0,0,0,0,0,25,27
87,J.D. McKissic,RB,WAS,0.0,NYG,2,2,Thu,4,10,2.5,1,6,5,83,16.6,0,83.30%,13.83,20.3,0,0,0,0,0,0,1,30,29
88,Melvin Gordon,RB,DEN,0.0,WAS,8,8,Sun,10,47,4.7,1,3,3,15,5.0,1,100.00%,5.0,20.2,0,0,0,0,0,1,1,17,10
89,Brandon Bolden,RB,NWE,0.0,NYJ,7,7,Sun,2,0,0.0,0,7,6,79,13.17,1,85.70%,11.29,19.9,0,0,0,0,0,0,1,54,13
90,Alex Collins,RB,SEA,1.0,PIT,6,6,Sun,20,101,5.05,1,1,1,-3,-3.0,0,100.00%,-3.0,19.8,0,0,0,0,0,0,0,20,23
91,Dalvin Cook,RB,MIN,1.0,ARI,2,2,Sun,22,131,5.95,0,3,2,17,8.5,0,66.70%,5.67,19.8,0,0,0,0,0,0,0,33,34
92,Elijah Mitchell,RB,SFO,0.0,IND,6,7,Sun,18,107,5.94,1,0,0,0,0.0,0,0.00%,0.0,19.7,0,0,0,0,0,0,0,18,30
93,Ty Johnson,RB,NYJ,0.0,CIN,7,8,Sun,4,15,3.75,0,6,5,71,14.2,1,83.30%,11.83,19.6,0,0,0,0,0,0,1,34,31
94,Elijah Mitchell,RB,SFO,1.0,DET,1,1,Sun,19,104,5.47,1,0,0,0,0.0,0,0.00%,0.0,19.4,0,0,0,0,0,0,1,41,33
95,Khalil Herbert,RB,CHI,0.0,GNB,6,6,Sun,19,97,5.11,1,3,2,15,7.5,0,66.70%,5.0,19.2,0,0,0,0,0,0,0,14,24
96,Najee Harris,RB,PIT,0.0,LVR,2,2,Sun,10,38,3.8,0,5,5,43,8.6,1,100.00%,8.6,19.1,0,0,0,0,0,0,0,17,26
97,James Robinson,RB,JAX,0.0,MIA,6,6,Sun,17,73,4.29,1,4,3,28,9.33,0,75.00%,7.0,19.1,0,0,0,0,0,0,1,23,20
98,J.D. McKissic,RB,WAS,0.0,KAN,6,6,Sun,8,45,5.63,0,10,8,65,8.13,0,80.00%,6.5,19.0,0,0,0,0,0,0,0,13,31
99,Ezekiel Elliott,RB,DAL,1.0,NWE,6,6,Sun,17,69,4.06,0,9,7,50,7.14,0,77.80%,5.56,18.9,0,0,0,0,0,0,1,35,29
100,Nyheim Hines,RB,IND,1.0,TEN,3,3,Sun,6,25,4.17,1,6,5,54,10.8,0,83.30%,9.0,18.9,0,0,0,0,0,0,0,16,25
101,James White,RB,NWE,1.0,NYJ,2,2,Sun,5,20,4.0,1,6,6,45,7.5,0,100.00%,7.5,18.5,0,0,0,0,0,0,1,25,6
102,Cordarrelle Patterson,RB,ATL,0.0,NYJ,5,5,Sun,14,54,3.86,0,9,7,60,8.57,0,77.80%,6.67,18.4,0,1,0,0,0,0,1,27,20
103,Ty'Son Williams,RB,BAL,1.0,LVR,1,1,Mon,9,65,7.22,1,4,3,29,9.67,0,75.00%,7.25,18.4,0,0,0,0,0,0,0,27,33
104,James Conner,RB,ARI,1.0,JAX,3,3,Sun,11,43,3.91,2,1,1,10,10.0,0,100.00%,10.0,18.3,0,0,0,0,0,0,1,31,19
105,Samaje Perine,RB,CIN,0.0,GNB,5,5,Sun,11,59,5.36,0,5,4,24,6.0,1,80.00%,4.8,18.3,0,0,0,0,0,0,0,22,25
106,Dalvin Cook,RB,MIN,1.0,BAL,8,9,Sun,17,110,6.47,0,3,3,12,4.0,0,100.00%,4.0,18.2,0,0,0,0,0,0,0,31,34
107,Cordarrelle Patterson,RB,ATL,0.0,CAR,7,8,Sun,9,35,3.89,0,5,5,37,7.4,1,100.00%,7.4,18.2,0,0,0,0,0,0,0,13,19
108,Alvin Kamara,RB,NOR,0.0,GNB,1,1,Sun,20,83,4.15,0,4,3,8,2.67,1,75.00%,2.0,18.1,0,0,0,0,0,0,1,38,3
109,Zack Moss,RB,BUF,0.0,WAS,3,3,Sun,13,60,4.62,0,3,3,31,10.33,1,100.00%,10.33,18.1,0,0,0,0,0,0,1,43,21
110,Boston Scott,RB,PHI,1.0,DET,8,8,Sun,12,60,5.0,2,1,0,0,0.0,0,0.00%,0.0,18.0,0,0,0,0,0,0,1,44,6
111,AJ Dillon,RB,GNB,1.0,CIN,5,5,Sun,8,30,3.75,0,4,4,49,12.25,1,100.00%,12.25,17.9,0,0,0,0,0,0,1,25,22
112,Aaron Jones,RB,GNB,1.0,CIN,5,5,Sun,14,103,7.36,0,5,4,6,1.5,0,80.00%,1.2,17.9,0,0,0,0,0,0,1,25,22
113,Ezekiel Elliott,RB,DAL,1.0,LAC,2,2,Sun,16,71,4.44,1,2,2,26,13.0,0,100.00%,13.0,17.7,0,0,0,0,0,0,1,20,17
114,Myles Gaskin,RB,MIA,0.0,ATL,7,7,Sun,15,67,4.47,0,4,4,10,2.5,1,100.00%,2.5,17.7,0,0,0,0,0,0,0,28,30
115,Jordan Howard,RB,PHI,1.0,DET,8,8,Sun,12,57,4.75,2,0,0,0,0.0,0,0.00%,0.0,17.7,0,0,0,0,0,0,1,44,6
116,D'Andre Swift,RB,DET,0.0,CIN,6,6,Sun,13,24,1.85,1,7,5,43,8.6,0,71.40%,6.14,17.7,0,0,0,0,0,0,0,11,34
117,Aaron Jones,RB,GNB,1.0,SFO,3,3,Sun,19,82,4.32,1,2,2,14,7.0,0,100.00%,7.0,17.6,0,0,0,0,0,1,1,30,28
118,Jonathan Taylor,RB,IND,0.0,SEA,1,1,Sun,17,56,3.29,0,7,6,60,10.0,0,85.70%,8.57,17.6,0,0,0,0,0,0,0,16,28
119,Devontae Booker,RB,NYG,1.0,KAN,8,8,Mon,15,60,4.0,0,6,5,65,13.0,0,83.30%,10.83,17.5,0,0,0,0,0,0,0,17,20
120,Melvin Gordon,RB,DEN,1.0,DAL,9,9,Sun,21,80,3.81,1,2,2,15,7.5,0,100.00%,7.5,17.5,0,0,0,0,0,0,1,30,16
121,Michael Carter,RB,NYJ,1.0,NWE,6,7,Sun,11,37,3.36,0,9,8,67,8.38,0,88.90%,7.44,17.4,0,0,0,0,0,1,0,13,54
122,Antonio Gibson,RB,WAS,1.0,BUF,3,3,Sun,12,31,2.58,0,2,1,73,73.0,1,50.00%,36.5,17.4,0,0,0,0,0,0,0,21,43
123,J.D. McKissic,RB,WAS,1.0,DEN,8,8,Sun,3,10,3.33,0,8,8,83,10.38,0,100.00%,10.38,17.3,0,0,0,0,0,0,0,10,17
124,Miles Sanders,RB,PHI,1.0,ATL,1,1,Sun,15,74,4.93,0,5,4,39,9.75,0,80.00%,7.8,17.3,0,0,0,0,0,0,1,32,6
125,Darrell Henderson,RB,LAR,1.0,IND,2,2,Sun,13,53,4.08,1,5,3,29,9.67,0,60.00%,5.8,17.2,0,0,0,0,0,0,1,27,24
126,Javonte Williams,RB,DEN,1.0,CLE,7,7,Thu,4,20,5.0,0,7,6,32,5.33,1,85.70%,4.57,17.2,0,0,0,0,0,0,0,14,17
127,Kareem Hunt,RB,CLE,1.0,KAN,1,1,Sun,6,33,5.5,1,3,3,28,9.33,0,100.00%,9.33,17.1,0,0,0,0,0,0,0,29,33
128,Devin Singletary,RB,BUF,1.0,MIA,2,2,Sun,13,82,6.31,1,3,2,9,4.5,0,66.70%,3.0,17.1,0,0,0,0,0,1,1,35,0
129,Leonard Fournette,RB,TAM,0.0,CHI,7,7,Sun,15,81,5.4,1,4,2,9,4.5,0,50.00%,2.25,17.0,0,0,0,0,0,0,1,38,3
130,Josh Jacobs,RB,LVR,0.0,BAL,1,1,Mon,10,34,3.4,2,2,1,6,6.0,0,50.00%,3.0,17.0,0,0,0,0,0,0,1,33,27
131,Darrel Williams,RB,KAN,0.0,NYG,8,8,Mon,13,49,3.77,0,6,6,61,10.17,0,100.00%,10.17,17.0,0,0,0,0,0,0,1,20,17
132,Kenyan Drake,RB,LVR,0.0,PHI,7,7,Sun,14,69,4.93,1,3,3,10,3.33,0,100.00%,3.33,16.9,0,0,0,0,0,0,1,33,22
133,Leonard Fournette,RB,TAM,1.0,NWE,4,4,Sun,20,92,4.6,0,5,3,47,15.67,0,60.00%,9.4,16.9,0,0,0,0,0,0,1,19,17
134,Darrell Henderson,RB,LAR,1.0,SEA,5,5,Thu,17,82,4.82,1,1,1,17,17.0,0,100.00%,17.0,16.9,0,0,0,0,0,0,1,26,17
135,J.D. McKissic,RB,WAS,1.0,ATL,4,4,Sun,7,15,2.14,0,5,5,44,8.8,1,100.00%,8.8,16.9,0,0,0,0,0,0,1,34,30
136,Nick Chubb,RB,CLE,0.0,HOU,2,2,Sun,11,95,8.64,1,1,1,3,3.0,0,100.00%,3.0,16.8,0,0,0,0,0,0,1,31,21
137,Najee Harris,RB,PIT,0.0,CHI,8,9,Mon,22,62,2.82,1,3,3,16,5.33,0,100.00%,5.33,16.8,0,0,0,0,0,0,1,29,27
138,Myles Gaskin,RB,MIA,0.0,HOU,9,9,Sun,20,34,1.7,1,6,6,23,3.83,0,100.00%,3.83,16.7,0,0,0,0,0,1,1,17,9
139,Josh Jacobs,RB,LVR,0.0,CHI,5,5,Sun,15,48,3.2,1,5,4,19,4.75,0,80.00%,3.8,16.7,0,0,0,0,0,0,0,9,20
140,Darrell Henderson,RB,LAR,0.0,ARI,4,4,Sun,14,89,6.36,0,6,5,27,5.4,0,83.30%,4.5,16.6,0,0,0,0,0,0,0,20,37
141,Kareem Hunt,RB,CLE,1.0,MIN,4,4,Sun,14,69,4.93,1,4,2,17,8.5,0,50.00%,4.25,16.6,0,0,0,0,0,0,1,14,7
142,Alvin Kamara,RB,NOR,0.0,TAM,7,8,Sun,19,61,3.21,1,4,3,15,5.0,0,75.00%,3.75,16.6,0,0,0,0,0,0,1,36,27
143,Jeremy McNichols,RB,TEN,1.0,NYJ,4,4,Sun,1,11,11.0,0,12,8,74,9.25,0,66.70%,6.17,16.5,0,0,0,0,0,0,0,24,27
144,Derrick Henry,RB,TEN,0.0,KAN,7,7,Sun,29,86,2.97,0,2,2,16,8.0,0,100.00%,8.0,16.4,1,1,5,1,0,0,1,27,3
145,Zack Moss,RB,BUF,1.0,MIA,2,2,Sun,8,26,3.25,2,2,2,8,4.0,0,100.00%,4.0,16.4,0,0,0,0,0,1,1,35,0
146,Damien Williams,RB,CHI,1.0,LVR,5,5,Sun,16,64,4.0,1,3,2,20,10.0,0,66.70%,6.67,16.4,0,0,0,0,0,0,1,20,9
147,Devonta Freeman,RB,BAL,0.0,MIN,8,9,Sun,13,79,6.08,0,3,2,4,2.0,1,66.70%,1.33,16.3,0,0,0,0,0,0,1,34,31
148,Chris Carson,RB,SEA,1.0,MIN,3,3,Sun,12,80,6.67,1,2,2,2,1.0,0,100.00%,1.0,16.2,0,0,0,0,0,0,0,17,30
149,Cordarrelle Patterson,RB,ATL,1.0,NYG,3,3,Sun,7,20,2.86,0,7,6,82,13.67,0,85.70%,11.71,16.2,0,0,0,0,0,0,1,17,14
150,Kenyan Drake,RB,LVR,1.0,NYG,8,9,Sun,4,30,7.5,0,8,6,70,11.67,0,75.00%,8.75,16.0,0,0,0,0,0,0,0,16,23
151,Chase Edmonds,RB,ARI,0.0,GNB,8,8,Thu,7,30,4.29,1,4,3,39,13.0,0,75.00%,9.75,15.9,0,0,0,0,0,0,0,21,24
152,Alex Collins,RB,SEA,1.0,SFO,4,4,Sun,10,44,4.4,1,2,2,34,17.0,0,100.00%,17.0,15.8,0,0,0,0,0,0,1,28,21
153,Josh Jacobs,RB,LVR,0.0,PHI,7,7,Sun,6,29,4.83,1,3,3,39,13.0,0,100.00%,13.0,15.8,0,0,0,0,0,0,1,33,22
154,Chris Evans,RB,CIN,1.0,DET,6,6,Sun,4,18,4.5,0,3,3,49,16.33,1,100.00%,16.33,15.7,0,0,0,0,0,0,1,34,11
155,Damien Harris,RB,NWE,0.0,MIA,1,1,Sun,23,100,4.35,0,3,2,17,8.5,0,66.70%,5.67,15.7,0,0,0,0,0,1,0,16,17
156,Darrell Henderson,RB,LAR,0.0,CHI,1,1,Sun,16,70,4.38,1,1,1,17,17.0,0,100.00%,17.0,15.7,0,0,0,0,0,0,1,34,14
157,J.J. Taylor,RB,NWE,0.0,NYJ,7,7,Sun,9,21,2.33,2,1,1,5,5.0,0,100.00%,5.0,15.6,0,0,0,0,0,0,1,54,13
158,Antonio Gibson,RB,WAS,1.0,ATL,4,4,Sun,14,63,4.5,1,2,2,12,6.0,0,100.00%,6.0,15.5,0,0,0,0,0,0,1,34,30
159,Devontae Booker,RB,NYG,0.0,LVR,9,9,Sun,21,99,4.71,0,3,3,23,7.67,0,100.00%,7.67,15.2,0,0,0,0,0,0,1,23,16
160,Josh Jacobs,RB,LVR,1.0,DEN,6,6,Sun,16,53,3.31,1,1,1,29,29.0,0,100.00%,29.0,15.2,0,0,0,0,0,0,1,34,24
161,Rhamondre Stevenson,RB,NWE,0.0,DAL,6,6,Sun,5,23,4.6,1,3,3,39,13.0,0,100.00%,13.0,15.2,0,0,0,0,0,0,0,29,35
162,Chris Carson,RB,SEA,0.0,TEN,2,2,Sun,13,31,2.38,2,0,0,0,0.0,0,0.00%,0.0,15.1,0,0,0,0,0,0,0,30,33
163,Kenneth Gainwell,RB,PHI,1.0,LVR,7,7,Sun,5,20,4.0,0,8,4,41,10.25,1,50.00%,5.13,15.1,0,0,0,0,0,1,0,22,33
164,Melvin Gordon,RB,DEN,0.0,NYJ,3,3,Sun,18,60,3.33,1,2,1,21,21.0,0,50.00%,10.5,15.1,0,0,0,0,0,0,1,26,0
165,Chuba Hubbard,RB,CAR,1.0,ATL,8,8,Sun,24,82,3.42,1,2,1,9,9.0,0,50.00%,4.5,15.1,0,0,0,0,0,1,1,19,13
166,Kyle Juszczyk,FB,SFO,0.0,GNB,3,3,Sun,5,14,2.8,0,4,4,37,9.25,1,100.00%,9.25,15.1,0,0,0,0,0,0,0,28,30
167,Alvin Kamara,RB,NOR,0.0,NYG,4,4,Sun,26,120,4.62,0,0,0,0,0.0,0,0.00%,0.0,15.0,0,0,0,0,0,0,0,21,27
168,Damien Williams,RB,CHI,0.0,DET,4,4,Sun,8,55,6.88,1,2,2,15,7.5,0,100.00%,7.5,15.0,0,0,0,0,0,0,1,24,14
169,Michael Carter,RB,NYJ,1.0,ATL,5,5,Sun,10,38,3.8,1,3,3,20,6.67,0,100.00%,6.67,14.8,0,0,0,0,0,0,0,20,27
170,Jamaal Williams,RB,DET,0.0,BAL,3,3,Sun,12,42,3.5,1,2,2,25,12.5,0,100.00%,12.5,14.7,0,0,0,0,0,0,0,17,19
171,Devontae Booker,RB,NYG,0.0,CAR,7,7,Sun,14,51,3.64,1,3,2,15,7.5,0,66.70%,5.0,14.6,0,0,0,0,0,0,1,25,3
172,Chase Edmonds,RB,ARI,1.0,TEN,1,1,Sun,12,63,5.25,0,4,4,43,10.75,0,100.00%,10.75,14.6,0,0,0,0,0,0,1,38,13
173,Christian McCaffrey,RB,CAR,0.0,NWE,9,9,Sun,14,52,3.71,0,5,4,54,13.5,0,80.00%,10.8,14.6,0,0,0,0,0,1,0,6,24
174,Nick Chubb,RB,CLE,1.0,MIN,4,4,Sun,21,100,4.76,0,1,1,5,5.0,0,100.00%,5.0,14.5,0,0,0,0,0,0,1,14,7
175,Chase Edmonds,RB,ARI,1.0,JAX,3,3,Sun,11,26,2.36,0,8,7,49,7.0,0,87.50%,6.13,14.5,0,0,0,0,0,0,1,31,19
176,Mark Ingram,RB,HOU,0.0,JAX,1,1,Sun,26,85,3.27,1,1,0,0,0.0,0,0.00%,0.0,14.5,0,0,0,0,0,0,1,37,21
177,Samaje Perine,RB,CIN,1.0,BAL,7,7,Sun,11,52,4.73,1,1,1,23,23.0,0,100.00%,23.0,14.5,0,0,0,0,0,0,1,41,17
178,Tony Pollard,RB,DAL,0.0,NYG,5,5,Sun,14,75,5.36,0,4,4,28,7.0,0,100.00%,7.0,14.3,0,0,0,0,0,1,1,44,20
179,James Conner,RB,ARI,0.0,GNB,8,8,Thu,5,22,4.4,2,0,0,0,0.0,0,0.00%,0.0,14.2,0,0,0,0,0,0,0,21,24
180,Nyheim Hines,RB,IND,0.0,SEA,1,1,Sun,9,34,3.78,0,8,6,48,8.0,0,75.00%,6.0,14.2,0,0,0,0,0,0,0,16,28
181,Javonte Williams,RB,DEN,0.0,NYJ,3,3,Sun,12,29,2.42,1,4,3,33,11.0,0,75.00%,8.25,14.2,0,0,0,0,0,1,1,26,0
182,Cordarrelle Patterson,RB,ATL,1.0,MIA,6,7,Sun,14,60,4.29,1,5,2,1,0.5,0,40.00%,0.2,14.1,0,0,0,0,0,0,1,30,28
183,Javonte Williams,RB,DEN,1.0,DAL,9,9,Sun,17,111,6.53,0,0,0,0,0.0,0,0.00%,0.0,14.1,0,0,0,0,0,0,1,30,16
184,Damien Harris,RB,NWE,1.0,LAC,8,8,Sun,23,80,3.48,1,1,0,0,0.0,0,0.00%,0.0,14.0,0,0,0,0,0,0,1,27,24
185,Rex Burkhead,RB,HOU,0.0,LAR,8,8,Sun,4,21,5.25,1,4,3,27,9.0,0,75.00%,6.75,13.8,0,1,0,0,0,0,0,22,38
186,Darrel Williams,RB,KAN,1.0,PHI,4,4,Sun,10,42,4.2,1,2,2,16,8.0,0,100.00%,8.0,13.8,0,0,0,0,0,0,1,42,30
187,Chris Carson,RB,SEA,1.0,IND,1,1,Sun,16,91,5.69,0,3,3,26,8.67,0,100.00%,8.67,13.7,0,0,0,0,0,1,1,28,16
188,Joe Mixon,RB,CIN,0.0,JAX,4,4,Thu,16,67,4.19,1,2,1,0,0.0,0,50.00%,0.0,13.7,0,0,0,0,0,0,1,24,21
189,Latavius Murray,RB,BAL,0.0,LAC,6,6,Sun,9,44,4.89,1,2,2,12,6.0,0,100.00%,6.0,13.6,0,0,0,0,0,0,1,34,6
190,Chuba Hubbard,RB,CAR,0.0,MIN,6,6,Sun,16,61,3.81,1,3,1,4,4.0,0,33.30%,1.33,13.5,0,0,0,0,0,0,0,28,34
191,Josh Jacobs,RB,LVR,1.0,NYG,8,9,Sun,13,76,5.85,0,4,4,19,4.75,0,100.00%,4.75,13.5,0,0,0,0,0,0,0,16,23
192,Damien Harris,RB,NWE,1.0,NYJ,2,2,Sun,16,62,3.88,1,1,1,2,2.0,0,100.00%,2.0,13.4,0,0,0,0,0,0,1,25,6
193,Mike Davis,RB,ATL,1.0,TAM,2,2,Sun,9,38,4.22,0,7,7,25,3.57,0,100.00%,3.57,13.3,0,0,0,0,0,0,0,25,48
194,Carlos Hyde,RB,JAX,1.0,SEA,7,8,Sun,9,32,3.56,0,8,6,40,6.67,0,75.00%,5.0,13.2,0,0,0,0,0,0,0,7,31
195,Mike Davis,RB,ATL,0.0,NYJ,5,5,Sun,13,53,4.08,1,5,2,8,4.0,0,40.00%,1.6,13.1,0,0,0,0,0,1,1,27,20
196,Jordan Howard,RB,PHI,0.0,LAC,9,9,Sun,17,71,4.18,1,0,0,0,0.0,0,0.00%,0.0,13.1,0,0,0,0,0,0,0,24,27
197,Ty Johnson,RB,NYJ,1.0,IND,8,9,Thu,4,21,5.25,0,3,2,40,20.0,1,66.70%,13.33,13.1,0,0,0,0,0,1,0,30,45
198,Ty Johnson,RB,NYJ,1.0,NWE,6,7,Sun,5,6,1.2,0,7,6,65,10.83,0,85.70%,9.29,13.1,0,0,0,0,0,0,0,13,54
199,AJ Dillon,RB,GNB,1.0,KAN,9,9,Sun,8,46,5.75,0,4,4,44,11.0,0,100.00%,11.0,13.0,0,0,0,0,0,0,0,7,13
200,Devonta Freeman,RB,BAL,0.0,CIN,7,7,Sun,4,14,3.5,1,3,3,25,8.33,0,100.00%,8.33,12.9,0,0,0,0,0,0,0,17,41
201,Jermar Jefferson,RB,DET,0.0,PHI,8,8,Sun,2,6,3.0,1,4,4,23,5.75,0,100.00%,5.75,12.9,0,0,0,0,0,0,0,6,44
202,Elijah Mitchell,RB,SFO,0.0,ARI,8,9,Sun,8,36,4.5,0,5,5,43,8.6,0,100.00%,8.6,12.9,0,0,0,0,0,0,0,17,31
203,Devin Singletary,RB,BUF,1.0,JAX,8,9,Sun,6,16,2.67,0,8,7,43,6.14,0,87.50%,5.38,12.9,0,0,0,0,0,0,0,6,9
204,Antonio Gibson,RB,WAS,0.0,LAC,1,1,Sun,20,90,4.5,0,5,3,18,6.0,0,60.00%,3.6,12.8,0,0,0,0,0,2,0,16,20
205,Ezekiel Elliott,RB,DAL,0.0,DEN,8,9,Sun,10,51,5.1,0,3,3,25,8.33,0,100.00%,8.33,12.6,0,0,0,0,0,0,0,16,30
206,Myles Gaskin,RB,MIA,1.0,NWE,1,1,Sun,9,49,5.44,0,5,5,27,5.4,0,100.00%,5.4,12.6,0,0,0,0,0,0,1,17,16
207,Rhamondre Stevenson,RB,NWE,1.0,CAR,9,9,Sun,10,62,6.2,0,2,2,44,22.0,0,100.00%,22.0,12.6,0,0,0,0,0,0,1,24,6
208,Chase Edmonds,RB,ARI,0.0,MIN,2,2,Sun,8,46,5.75,0,5,5,29,5.8,0,100.00%,5.8,12.5,0,0,0,0,0,0,1,34,33
209,James Conner,RB,ARI,0.0,HOU,7,7,Sun,10,64,6.4,1,0,0,0,0.0,0,0.00%,0.0,12.4,0,0,0,0,0,0,1,31,5
210,Kenneth Gainwell,RB,PHI,1.0,ATL,1,1,Sun,9,37,4.11,1,3,2,6,3.0,0,66.70%,2.0,12.3,0,0,0,0,0,0,1,32,6
211,Zack Moss,RB,BUF,1.0,KAN,5,5,Sun,11,37,3.36,0,4,3,55,18.33,0,75.00%,13.75,12.2,0,0,0,0,0,0,1,38,20
212,Zack Moss,RB,BUF,0.0,HOU,4,4,Sun,14,61,4.36,1,1,0,0,0.0,0,0.00%,0.0,12.1,0,0,0,0,0,0,1,40,0
213,James White,RB,NWE,0.0,MIA,1,1,Sun,4,12,3.0,0,7,6,49,8.17,0,85.70%,7.0,12.1,0,0,0,0,0,0,0,16,17
214,Kenyan Drake,RB,LVR,0.0,BAL,1,1,Mon,6,11,1.83,0,5,5,59,11.8,0,100.00%,11.8,12.0,0,0,0,0,0,0,1,33,27
215,Aaron Jones,RB,GNB,0.0,PIT,4,4,Sun,15,48,3.2,0,4,3,51,17.0,0,75.00%,12.75,11.9,0,0,0,0,0,1,1,27,17
216,Joe Mixon,RB,CIN,1.0,BAL,7,7,Sun,12,59,4.92,1,0,0,0,0.0,0,0.00%,0.0,11.9,0,0,0,0,0,0,1,41,17
217,Latavius Murray,RB,BAL,1.0,DEN,4,4,Sun,18,59,3.28,1,0,0,0,0.0,0,0.00%,0.0,11.9,0,0,0,0,0,0,1,23,7
218,David Johnson,RB,HOU,0.0,JAX,1,1,Sun,3,10,3.33,0,4,3,18,6.0,1,75.00%,4.5,11.8,0,0,0,0,0,0,1,37,21
219,Zack Moss,RB,BUF,0.0,MIA,7,8,Sun,8,19,2.38,0,7,6,39,6.5,0,85.70%,5.57,11.8,0,0,0,0,0,0,1,26,11
220,D'Andre Swift,RB,DET,1.0,GNB,2,2,Mon,8,37,4.63,0,5,4,41,10.25,0,80.00%,8.2,11.8,0,0,0,0,0,0,0,17,35
221,Austin Ekeler,RB,LAC,1.0,WAS,1,1,Sun,15,57,3.8,1,0,0,0,0.0,0,0.00%,0.0,11.7,0,0,0,0,0,0,1,20,16
222,Mike Davis,RB,ATL,0.0,CAR,7,8,Sun,9,44,4.89,0,6,5,22,4.4,0,83.30%,3.67,11.6,0,0,0,0,0,0,0,13,19
223,Leonard Fournette,RB,TAM,0.0,ATL,2,2,Sun,11,52,4.73,0,4,4,24,6.0,0,100.00%,6.0,11.6,0,0,0,0,0,1,1,48,25
224,Javonte Williams,RB,DEN,1.0,PIT,5,5,Sun,8,61,7.63,0,3,3,25,8.33,0,100.00%,8.33,11.6,0,0,0,0,0,0,0,19,27
225,Giovani Bernard,RB,TAM,0.0,MIA,5,5,Sun,4,21,5.25,0,2,2,14,7.0,1,100.00%,7.0,11.5,0,0,0,0,0,0,1,45,17
226,Sony Michel,RB,LAR,1.0,SEA,5,5,Thu,11,37,3.36,1,1,1,8,8.0,0,100.00%,8.0,11.5,0,0,0,0,0,0,1,26,17
227,Mark Ingram,RB,NOR,0.0,ATL,8,9,Sun,9,43,4.78,0,5,5,21,4.2,0,100.00%,4.2,11.4,0,0,0,0,0,0,0,25,27
228,Ty Johnson,RB,NYJ,1.0,ATL,5,5,Sun,4,12,3.0,1,3,2,22,11.0,0,66.70%,7.33,11.4,0,0,0,0,0,0,0,20,27
229,Trey Sermon,RB,SFO,0.0,GNB,3,3,Sun,10,31,3.1,1,3,2,3,1.5,0,66.70%,1.0,11.4,0,0,0,0,0,0,0,28,30
230,Ezekiel Elliott,RB,DAL,1.0,MIN,7,8,Sun,16,50,3.13,0,6,4,23,5.75,0,66.70%,3.83,11.3,0,0,0,0,0,0,1,20,16
231,Devonta Freeman,RB,BAL,0.0,LAC,6,6,Sun,9,53,5.89,1,2,0,0,0.0,0,0.00%,0.0,11.3,0,0,0,0,0,0,1,34,6
232,Ty'Son Williams,RB,BAL,0.0,KAN,2,2,Sun,13,77,5.92,0,2,2,16,8.0,0,100.00%,8.0,11.3,0,0,0,0,0,1,1,36,35
233,Austin Ekeler,RB,LAC,1.0,PHI,8,9,Sun,17,59,3.47,0,3,3,23,7.67,0,100.00%,7.67,11.2,0,0,0,0,0,0,1,27,24
234,Melvin Gordon,RB,DEN,1.0,CLE,7,7,Thu,8,18,2.25,0,3,2,14,7.0,1,66.70%,4.67,11.2,0,0,0,0,0,0,0,14,17
235,Brandon Bolden,RB,NWE,0.0,TAM,4,4,Sun,1,0,0.0,0,6,6,51,8.5,0,100.00%,8.5,11.1,0,0,0,0,0,0,0,17,19
236,Mike Davis,RB,ATL,1.0,NYG,3,3,Sun,12,50,4.17,0,4,4,20,5.0,0,100.00%,5.0,11.0,0,0,0,0,0,0,1,17,14
237,Devin Singletary,RB,BUF,0.0,PIT,1,1,Sun,11,72,6.55,0,5,3,8,2.67,0,60.00%,1.6,11.0,0,0,0,0,0,2,0,16,23
238,Devontae Booker,RB,NYG,0.0,LAR,6,6,Sun,12,41,3.42,0,4,4,28,7.0,0,100.00%,7.0,10.9,0,0,0,0,0,0,0,11,38
239,Leonard Fournette,RB,TAM,0.0,DAL,1,1,Thu,9,32,3.56,0,7,5,27,5.4,0,71.40%,3.86,10.9,0,0,0,0,0,0,1,31,29
240,Chuba Hubbard,RB,CAR,1.0,HOU,3,3,Thu,11,52,4.73,0,5,3,27,9.0,0,60.00%,5.4,10.9,0,0,0,0,0,0,1,24,9
241,Sony Michel,RB,LAR,0.0,TAM,3,3,Sun,20,67,3.35,0,4,3,12,4.0,0,75.00%,3.0,10.9,0,0,0,0,0,0,1,34,24
242,David Montgomery,RB,CHI,0.0,CIN,2,2,Sun,20,61,3.05,0,4,3,18,6.0,0,75.00%,4.5,10.9,0,0,0,0,0,0,1,20,17
243,Le'Veon Bell,RB,BAL,0.0,MIN,8,9,Sun,11,48,4.36,1,0,0,0,0.0,0,0.00%,0.0,10.8,0,0,0,0,0,0,1,34,31
244,Michael Carter,RB,NYJ,0.0,NWE,2,2,Sun,11,59,5.36,0,3,2,29,14.5,0,66.70%,9.67,10.8,0,0,0,0,0,0,0,6,25
245,Derrick Gore,RB,KAN,0.0,NYG,8,8,Mon,11,48,4.36,1,0,0,0,0.0,0,0.00%,0.0,10.8,0,0,0,0,0,0,1,20,17
246,Damien Harris,RB,NWE,1.0,HOU,5,5,Sun,14,58,4.14,1,0,0,0,0.0,0,0.00%,0.0,10.8,0,0,0,0,0,1,1,25,22
247,Kareem Hunt,RB,CLE,0.0,ARI,6,6,Sun,14,66,4.71,0,3,3,12,4.0,0,100.00%,4.0,10.8,0,0,0,0,0,0,0,14,37
248,Giovani Bernard,RB,TAM,1.0,NOR,8,8,Sun,2,30,15.0,0,1,1,7,7.0,1,100.00%,7.0,10.7,0,0,0,0,0,0,0,27,36
249,James Conner,RB,ARI,0.0,SFO,5,5,Sun,10,29,2.9,1,1,1,8,8.0,0,100.00%,8.0,10.7,0,0,0,0,0,0,1,17,10
250,AJ Dillon,RB,GNB,0.0,PIT,4,4,Sun,15,81,5.4,0,1,1,16,16.0,0,100.00%,16.0,10.7,0,0,0,0,0,0,1,27,17
251,Derrick Henry,RB,TEN,0.0,ARI,1,1,Sun,17,58,3.41,0,4,3,19,6.33,0,75.00%,4.75,10.7,0,0,0,0,0,0,0,13,38
252,Josh Jacobs,RB,LVR,1.0,LAC,4,4,Mon,13,40,3.08,0,5,5,17,3.4,0,100.00%,3.4,10.7,0,0,0,0,0,0,0,14,28
253,Darrel Williams,RB,KAN,0.0,GNB,9,9,Sun,19,70,3.68,0,4,3,7,2.33,0,75.00%,1.75,10.7,0,0,0,0,0,0,1,13,7
254,Mike Davis,RB,ATL,0.0,WAS,4,4,Sun,13,14,1.08,0,2,2,12,6.0,1,100.00%,6.0,10.6,0,0,0,0,0,0,0,30,34
255,Sony Michel,RB,LAR,0.0,TEN,9,9,Sun,7,20,2.86,0,3,2,6,3.0,1,66.70%,2.0,10.6,0,0,0,0,0,0,0,16,28
256,Kenyan Drake,RB,LVR,1.0,PIT,2,2,Sun,7,9,1.29,0,6,5,46,9.2,0,83.30%,7.67,10.5,0,0,0,0,0,0,1,26,17
257,Joe Mixon,RB,CIN,0.0,GNB,5,5,Sun,10,33,3.3,1,1,1,2,2.0,0,100.00%,2.0,10.5,0,0,0,0,0,0,0,22,25
258,Michael Carter,RB,NYJ,0.0,TEN,4,4,Sun,13,38,2.92,1,3,1,-4,-4.0,0,33.30%,-1.33,10.4,0,0,0,0,0,0,1,27,24
259,Myles Gaskin,RB,MIA,1.0,LVR,3,3,Sun,13,65,5.0,0,6,3,9,3.0,0,50.00%,1.5,10.4,0,0,0,0,0,0,0,28,31
260,Joe Mixon,RB,CIN,1.0,PIT,3,3,Sun,18,90,5.0,0,1,1,4,4.0,0,100.00%,4.0,10.4,0,0,0,0,0,0,1,24,10
261,Melvin Gordon,RB,DEN,0.0,LVR,6,6,Sun,10,50,5.0,0,3,3,23,7.67,0,100.00%,7.67,10.3,0,0,0,0,0,0,0,24,34
262,Damien Harris,RB,NWE,1.0,CAR,9,9,Sun,15,30,2.0,1,1,1,3,3.0,0,100.00%,3.0,10.3,0,0,0,0,0,0,1,24,6
263,Mike Davis,RB,ATL,0.0,PHI,1,1,Sun,15,49,3.27,0,6,3,23,7.67,0,50.00%,3.83,10.2,0,0,0,0,0,0,0,6,32
264,Clyde Edwards-Helaire,RB,KAN,0.0,CLE,1,1,Sun,14,43,3.07,0,3,3,29,9.67,0,100.00%,9.67,10.2,0,0,0,0,0,0,1,33,29
265,David Johnson,RB,HOU,1.0,ARI,7,7,Sun,7,25,3.57,0,6,5,27,5.4,0,83.30%,4.5,10.2,0,0,0,0,0,0,0,5,31
266,Brandon Bolden,RB,NWE,1.0,CAR,9,9,Sun,8,54,6.75,0,2,2,27,13.5,0,100.00%,13.5,10.1,0,0,0,0,0,1,1,24,6
267,Mark Ingram,RB,HOU,1.0,IND,6,6,Sun,18,73,4.06,0,2,2,8,4.0,0,100.00%,4.0,10.1,0,0,0,0,0,0,0,3,31
268,David Johnson,RB,HOU,0.0,NWE,5,5,Sun,2,5,2.5,0,6,5,46,9.2,0,83.30%,7.67,10.1,0,0,0,0,0,0,0,22,25
269,Miles Sanders,RB,PHI,1.0,CAR,5,5,Sun,11,45,4.09,0,5,5,6,1.2,0,100.00%,1.2,10.1,0,0,0,0,0,0,1,21,18
270,DeeJay Dallas,RB,SEA,1.0,PIT,6,6,Sun,4,17,4.25,0,5,5,33,6.6,0,100.00%,6.6,10.0,0,0,0,0,0,1,0,20,23
271,Chase Edmonds,RB,ARI,0.0,HOU,7,7,Sun,15,81,5.4,0,3,1,9,9.0,0,33.30%,3.0,10.0,0,0,0,0,0,0,1,31,5
272,David Montgomery,RB,CHI,1.0,PIT,9,9,Mon,13,63,4.85,0,2,2,17,8.5,0,100.00%,8.5,10.0,0,0,0,0,0,0,0,27,29
273,Eno Benjamin,RB,ARI,1.0,SFO,9,9,Sun,9,39,4.33,1,0,0,0,0.0,0,0.00%,0.0,9.9,0,0,0,0,0,0,1,31,17
274,Jamycal Hasty,RB,SFO,1.0,PHI,2,2,Sun,5,38,7.6,0,5,4,21,5.25,0,80.00%,4.2,9.9,0,0,0,0,0,0,1,17,11
275,D'Ernest Johnson,RB,CLE,0.0,PIT,8,8,Sun,4,22,5.5,1,3,1,7,7.0,0,33.30%,2.33,9.9,0,0,0,0,0,0,0,10,15
276,Boston Scott,RB,PHI,1.0,LVR,7,7,Sun,7,24,3.43,1,2,1,5,5.0,0,50.00%,2.5,9.9,0,0,0,0,0,0,0,22,33
277,Javonte Williams,RB,DEN,0.0,LVR,6,6,Sun,11,53,4.82,0,3,3,15,5.0,0,100.00%,5.0,9.8,0,0,0,0,0,0,0,24,34
278,Ameer Abdullah,RB,CAR,1.0,ATL,8,8,Sun,8,31,3.88,0,5,3,35,11.67,0,60.00%,7.0,9.6,0,0,0,0,0,0,1,19,13
279,Michael Carter,RB,NYJ,1.0,IND,8,9,Thu,13,49,3.77,0,2,1,37,37.0,0,50.00%,18.5,9.6,0,0,0,0,0,0,0,30,45
280,Chuba Hubbard,RB,CAR,1.0,NYG,7,7,Sun,12,28,2.33,0,5,4,28,7.0,0,80.00%,5.6,9.6,0,0,0,0,0,0,0,3,25
281,J.D. McKissic,RB,WAS,1.0,GNB,7,7,Sun,4,22,5.5,0,6,4,34,8.5,0,66.70%,5.67,9.6,0,0,0,0,0,0,0,10,24
282,Latavius Murray,RB,BAL,0.0,KAN,2,2,Sun,9,36,4.0,1,0,0,0,0.0,0,0.00%,0.0,9.6,0,0,0,0,0,0,1,36,35
283,Adrian Peterson,RB,TEN,1.0,LAR,9,9,Sun,10,21,2.1,1,1,1,5,5.0,0,100.00%,5.0,9.6,0,0,0,0,0,0,1,28,16
284,Devin Singletary,RB,BUF,0.0,HOU,4,4,Sun,14,79,5.64,0,1,1,7,7.0,0,100.00%,7.0,9.6,0,0,0,0,0,1,1,40,0
285,Austin Ekeler,RB,LAC,1.0,BAL,6,6,Sun,6,7,1.17,0,7,4,48,12.0,0,57.10%,6.86,9.5,0,0,0,0,0,0,0,6,34
286,Darrell Henderson,RB,LAR,0.0,DET,7,7,Sun,15,45,3.0,0,6,3,19,6.33,0,50.00%,3.17,9.4,0,0,0,0,0,0,1,28,19
287,Phillip Lindsay,RB,HOU,1.0,CLE,2,2,Sun,5,2,0.4,0,1,1,22,22.0,1,100.00%,22.0,9.4,0,0,0,0,0,0,0,21,31
288,James Robinson,RB,JAX,0.0,DEN,2,2,Sun,11,47,4.27,0,3,3,17,5.67,0,100.00%,5.67,9.4,0,0,0,0,0,0,0,13,23
289,Antonio Gibson,RB,WAS,0.0,NYG,2,2,Thu,13,69,5.31,0,2,2,4,2.0,0,100.00%,2.0,9.3,0,0,0,0,0,0,1,30,29
290,Tony Pollard,RB,DAL,1.0,NWE,6,6,Sun,10,41,4.1,0,3,3,22,7.33,0,100.00%,7.33,9.3,0,0,0,0,0,0,1,35,29
291,Devin Singletary,RB,BUF,1.0,TEN,6,6,Mon,5,27,5.4,0,5,5,16,3.2,0,100.00%,3.2,9.3,0,0,0,0,0,0,0,31,34
292,Alex Collins,RB,SEA,0.0,LAR,5,5,Thu,15,47,3.13,0,3,2,25,12.5,0,66.70%,8.33,9.2,0,0,0,0,0,0,0,17,26
293,Malcolm Brown,RB,MIA,1.0,LVR,3,3,Sun,7,31,4.43,1,2,0,0,0.0,0,0.00%,0.0,9.1,0,0,0,0,0,0,0,28,31
294,Chuba Hubbard,RB,CAR,1.0,DAL,4,4,Sun,13,57,4.38,0,2,2,14,7.0,0,100.00%,7.0,9.1,0,0,0,0,0,0,0,28,36
295,D'Andre Swift,RB,DET,0.0,PHI,8,8,Sun,12,27,2.25,0,5,5,24,4.8,0,100.00%,4.8,9.1,0,0,0,0,0,1,0,6,44
296,Saquon Barkley,RB,NYG,1.0,WAS,2,2,Thu,13,57,4.38,0,3,2,12,6.0,0,66.70%,4.0,8.9,0,0,0,0,0,0,0,29,30
297,Melvin Gordon,RB,DEN,1.0,JAX,2,2,Sun,13,31,2.38,0,2,2,38,19.0,0,100.00%,19.0,8.9,0,0,0,0,0,0,1,23,13
298,Aaron Jones,RB,GNB,0.0,WAS,7,7,Sun,6,19,3.17,0,5,5,20,4.0,0,100.00%,4.0,8.9,0,0,0,0,0,0,1,24,10
299,Trey Sermon,RB,SFO,0.0,SEA,4,4,Sun,19,89,4.68,0,0,0,0,0.0,0,0.00%,0.0,8.9,0,0,0,0,0,0,0,21,28
300,D'Andre Swift,RB,DET,1.0,CHI,4,4,Sun,8,16,2.0,0,6,4,33,8.25,0,66.70%,5.5,8.9,0,0,0,0,0,0,0,14,24
301,Javonte Williams,RB,DEN,0.0,BAL,4,4,Sun,7,48,6.86,0,3,3,11,3.67,0,100.00%,3.67,8.9,0,0,0,0,0,0,0,7,23
302,Jamycal Hasty,RB,SFO,1.0,DET,1,1,Sun,1,3,3.0,1,1,1,15,15.0,0,100.00%,15.0,8.8,0,0,0,0,0,0,1,41,33
303,Darrell Henderson,RB,LAR,0.0,TEN,9,9,Sun,11,55,5.0,0,4,3,3,1.0,0,75.00%,0.75,8.8,0,0,0,0,0,0,0,16,28
304,Khalil Herbert,RB,CHI,0.0,SFO,8,8,Sun,23,72,3.13,0,2,2,-4,-2.0,0,100.00%,-2.0,8.8,0,0,0,0,0,0,0,22,33
305,Godwin Igwebuike,RB,DET,0.0,PHI,8,8,Sun,3,18,6.0,0,3,3,40,13.33,0,100.00%,13.33,8.8,0,0,0,0,0,0,0,6,44
306,Latavius Murray,RB,BAL,1.0,LVR,1,1,Mon,10,28,2.8,1,0,0,0,0.0,0,0.00%,0.0,8.8,0,0,0,0,0,0,0,27,33
307,Kenyan Drake,RB,LVR,0.0,MIA,3,3,Sun,8,24,3.0,0,6,3,33,11.0,0,50.00%,5.5,8.7,0,0,0,0,0,0,1,31,28
308,Melvin Gordon,RB,DEN,0.0,BAL,4,4,Sun,9,56,6.22,0,4,2,11,5.5,0,50.00%,2.75,8.7,0,0,0,0,0,0,0,7,23
309,Cordarrelle Patterson,RB,ATL,0.0,PHI,1,1,Sun,7,54,7.71,0,2,2,13,6.5,0,100.00%,6.5,8.7,0,0,0,0,0,0,0,6,32
310,Myles Gaskin,RB,MIA,0.0,BUF,2,2,Sun,5,25,5.0,0,5,4,21,5.25,0,80.00%,4.2,8.6,0,0,0,0,0,0,0,0,35
311,Jeremy McNichols,RB,TEN,0.0,IND,3,3,Sun,2,6,3.0,0,2,1,10,10.0,1,50.00%,5.0,8.6,0,0,0,0,0,0,1,25,16
312,Elijhaa Penny,RB,NYG,0.0,LAR,6,6,Sun,3,15,5.0,1,2,1,1,1.0,0,50.00%,0.5,8.6,0,0,0,0,0,0,0,11,38
313,Miles Sanders,RB,PHI,0.0,TAM,6,6,Thu,9,56,6.22,0,4,2,10,5.0,0,50.00%,2.5,8.6,0,0,0,0,0,0,0,22,28
314,Myles Gaskin,RB,MIA,1.0,BUF,8,8,Sun,12,36,3.0,0,4,3,19,6.33,0,75.00%,4.75,8.5,0,0,0,0,0,0,0,11,26
315,Ronald Jones II,RB,TAM,1.0,NWE,4,4,Sun,6,25,4.17,1,0,0,0,0.0,0,0.00%,0.0,8.5,0,0,0,0,0,0,1,19,17
316,Phillip Lindsay,RB,HOU,0.0,JAX,1,1,Sun,8,25,3.13,1,1,0,0,0.0,0,0.00%,0.0,8.5,0,0,0,0,0,0,1,37,21
317,Miles Sanders,RB,PHI,1.0,DAL,3,3,Mon,2,27,13.5,0,4,3,28,9.33,0,75.00%,7.0,8.5,0,0,0,0,0,0,0,21,41
318,Jamaal Williams,RB,DET,1.0,MIN,5,5,Sun,13,57,4.38,0,2,2,8,4.0,0,100.00%,4.0,8.5,0,0,0,0,0,0,0,17,19
319,Nick Chubb,RB,CLE,0.0,CHI,3,3,Sun,22,84,3.82,0,0,0,0,0.0,0,0.00%,0.0,8.4,0,0,0,0,0,0,1,26,6
320,Antonio Gibson,RB,WAS,1.0,DEN,8,8,Sun,8,34,4.25,0,3,3,20,6.67,0,100.00%,6.67,8.4,0,0,0,0,0,0,0,10,17
321,James Robinson,RB,JAX,1.0,HOU,1,1,Sun,5,25,5.0,0,6,3,29,9.67,0,50.00%,4.83,8.4,0,0,0,0,0,1,0,21,37
322,Javonte Williams,RB,DEN,1.0,JAX,2,2,Sun,13,64,4.92,0,1,1,10,10.0,0,100.00%,10.0,8.4,0,0,0,0,0,0,1,23,13
323,Tony Pollard,RB,DAL,1.0,TAM,1,1,Thu,3,14,4.67,0,4,4,29,7.25,0,100.00%,7.25,8.3,0,0,0,0,0,0,0,29,31
324,Travis Homer,RB,SEA,0.0,JAX,8,8,Sun,4,9,2.25,0,1,1,3,3.0,0,100.00%,3.0,8.2,0,0,0,0,0,0,1,31,7
325,Elijah Mitchell,RB,SFO,1.0,ARI,5,5,Sun,9,43,4.78,0,2,2,19,9.5,0,100.00%,9.5,8.2,0,0,0,0,0,0,0,10,17
326,Jonathan Taylor,RB,IND,1.0,TEN,3,3,Sun,10,64,6.4,0,1,1,8,8.0,0,100.00%,8.0,8.2,0,0,0,0,0,0,0,16,25
327,James Conner,RB,ARI,1.0,CLE,6,6,Sun,16,71,4.44,0,1,1,0,0.0,0,100.00%,0.0,8.1,0,0,0,0,0,0,1,37,14
328,Joe Mixon,RB,CIN,1.0,CHI,2,2,Sun,20,69,3.45,0,2,1,2,2.0,0,50.00%,1.0,8.1,0,0,0,0,0,0,0,17,20
329,Chase Edmonds,RB,ARI,1.0,CLE,6,6,Sun,4,46,11.5,0,4,3,4,1.33,0,75.00%,1.0,8.0,0,0,0,0,0,0,1,37,14
330,Damien Williams,RB,CHI,1.0,LAR,1,1,Sun,6,12,2.0,0,5,4,28,7.0,0,80.00%,5.6,8.0,0,0,0,0,0,0,0,14,34
331,Darrel Williams,RB,KAN,1.0,TEN,7,7,Sun,5,20,4.0,0,4,3,30,10.0,0,75.00%,7.5,8.0,0,0,0,0,0,0,0,3,27
332,Nick Chubb,RB,CLE,0.0,PIT,8,8,Sun,16,61,3.81,0,1,1,8,8.0,0,100.00%,8.0,7.9,0,0,0,0,0,0,0,10,15
333,Justin Jackson,RB,LAC,0.0,NWE,7,8,Sun,3,79,26.33,0,0,0,0,0.0,0,0.00%,0.0,7.9,0,0,0,0,0,0,0,24,27
334,Le'Veon Bell,RB,BAL,0.0,LAC,6,6,Sun,8,18,2.25,1,0,0,0,0.0,0,0.00%,0.0,7.8,0,0,0,0,0,0,1,34,6
335,Dalvin Cook,RB,MIN,0.0,DAL,7,8,Sun,18,78,4.33,0,2,0,0,0.0,0,0.00%,0.0,7.8,0,0,0,0,0,0,0,16,20
336,AJ Dillon,RB,GNB,1.0,ARI,8,8,Thu,16,78,4.88,0,0,0,0,0.0,0,0.00%,0.0,7.8,0,0,0,0,0,0,1,24,21
337,Carlos Hyde,RB,JAX,1.0,HOU,1,1,Sun,9,44,4.89,0,2,2,14,7.0,0,100.00%,7.0,7.8,0,0,0,0,0,0,0,21,37
338,David Johnson,RB,HOU,1.0,BUF,4,4,Sun,5,21,4.2,0,4,3,27,9.0,0,75.00%,6.75,7.8,0,0,0,0,0,0,0,0,40
339,Miles Sanders,RB,PHI,0.0,KAN,4,4,Sun,7,13,1.86,0,3,3,34,11.33,0,100.00%,11.33,7.7,0,0,0,0,0,0,0,30,42
340,Antonio Gibson,RB,WAS,1.0,GNB,7,7,Sun,14,51,3.64,0,2,2,5,2.5,0,100.00%,2.5,7.6,0,0,0,0,0,1,0,10,24
341,Sony Michel,RB,LAR,1.0,HOU,8,8,Sun,9,42,4.67,0,2,2,14,7.0,0,100.00%,7.0,7.6,0,0,0,0,0,0,1,38,22
342,Johnny Stanton,FB,CLE,0.0,DEN,7,7,Thu,2,5,2.5,0,1,1,1,1.0,1,100.00%,1.0,7.6,0,0,0,0,0,0,1,17,14
343,Khalil Herbert,RB,CHI,1.0,LVR,5,5,Sun,18,75,4.17,0,0,0,0,0.0,0,0.00%,0.0,7.5,0,0,0,0,0,0,1,20,9
344,David Montgomery,RB,CHI,1.0,CLE,3,3,Sun,10,34,3.4,0,4,2,21,10.5,0,50.00%,5.25,7.5,0,0,0,0,0,0,0,6,26
345,Tony Pollard,RB,DAL,0.0,PHI,3,3,Mon,11,60,5.45,0,1,1,5,5.0,0,100.00%,5.0,7.5,0,0,0,0,0,0,1,41,21
346,Darrel Williams,RB,KAN,0.0,BUF,5,5,Sun,5,27,5.4,0,5,3,18,6.0,0,60.00%,3.6,7.5,0,0,0,0,0,0,0,20,38
347,Phillip Lindsay,RB,HOU,1.0,IND,6,6,Sun,7,39,5.57,0,2,2,15,7.5,0,100.00%,7.5,7.4,0,0,0,0,0,0,0,3,31
348,Leonard Fournette,RB,TAM,1.0,NOR,8,8,Sun,8,26,3.25,0,5,3,17,5.67,0,60.00%,3.4,7.3,0,1,0,0,0,0,0,27,36
349,Carlos Hyde,RB,JAX,0.0,BUF,8,9,Sun,21,67,3.19,0,2,1,6,6.0,0,50.00%,3.0,7.3,0,0,0,0,0,1,1,9,6
350,Elijah Mitchell,RB,SFO,1.0,PHI,2,2,Sun,17,42,2.47,0,2,2,11,5.5,0,100.00%,5.5,7.3,0,0,0,0,0,0,1,17,11
351,Salvon Ahmed,RB,MIA,0.0,ATL,7,7,Sun,7,26,3.71,0,2,2,26,13.0,0,100.00%,13.0,7.2,0,0,0,0,0,0,0,28,30
352,Kenneth Gainwell,RB,PHI,0.0,SFO,2,2,Sun,6,14,2.33,0,3,2,18,9.0,0,66.70%,6.0,7.2,0,0,0,0,0,0,0,11,17
353,Mark Ingram,RB,NOR,0.0,TAM,7,8,Sun,6,27,4.5,0,2,2,25,12.5,0,100.00%,12.5,7.2,0,0,0,0,0,0,1,36,27
354,Brandon Bolden,RB,NWE,1.0,HOU,5,5,Sun,2,25,12.5,0,4,4,6,1.5,0,100.00%,1.5,7.1,0,0,0,0,0,0,1,25,22
355,Alec Ingold,FB,LVR,0.0,MIA,3,3,Sun,1,0,0.0,0,1,1,1,1.0,1,100.00%,1.0,7.1,0,0,0,0,0,0,1,31,28
356,Ameer Abdullah,RB,CAR,0.0,NWE,9,9,Sun,1,0,0.0,0,5,4,30,7.5,0,80.00%,6.0,7.0,0,0,0,0,0,0,0,6,24
357,David Johnson,RB,HOU,1.0,MIA,9,9,Sun,4,11,2.75,0,5,3,29,9.67,0,60.00%,5.8,7.0,0,0,0,0,0,0,0,9,17
358,Alvin Kamara,RB,NOR,1.0,CAR,2,2,Sun,8,5,0.63,0,6,4,25,6.25,0,66.70%,4.17,7.0,0,0,0,0,0,0,0,7,26
359,Kene Nwangwu,RB,MIN,1.0,BAL,8,9,Sun,1,9,9.0,0,0,0,0,0.0,0,0.00%,0.0,6.9,0,0,0,0,0,0,0,31,34
360,Miles Sanders,RB,PHI,0.0,SFO,2,2,Sun,13,55,4.23,0,2,1,4,4.0,0,50.00%,2.0,6.9,0,0,0,0,0,0,0,11,17
361,Derrick Henry,RB,TEN,1.0,IND,8,8,Sun,28,68,2.43,0,0,0,0,0.0,0,0.00%,0.0,6.8,0,0,0,0,0,1,1,34,31
362,Javonte Williams,RB,DEN,0.0,WAS,8,8,Sun,9,35,3.89,0,4,2,13,6.5,0,50.00%,3.25,6.8,0,0,0,0,0,0,1,17,10
363,David Johnson,RB,HOU,1.0,CLE,2,2,Sun,6,25,4.17,0,2,2,22,11.0,0,100.00%,11.0,6.7,0,0,0,0,0,0,0,21,31
364,Tony Pollard,RB,DAL,0.0,CAR,4,4,Sun,10,67,6.7,0,0,0,0,0.0,0,0.00%,0.0,6.7,0,0,0,0,0,0,1,36,28
365,Jamaal Williams,RB,DET,1.0,GNB,2,2,Mon,7,25,3.57,0,3,3,12,4.0,0,100.00%,4.0,6.7,0,0,0,0,0,0,0,17,35
366,Jamaal Williams,RB,DET,1.0,CHI,4,4,Sun,14,66,4.71,0,0,0,0,0.0,0,0.00%,0.0,6.6,0,0,0,0,0,0,0,14,24
367,Devonta Freeman,RB,BAL,0.0,IND,5,5,Mon,1,1,1.0,0,4,3,34,11.33,0,75.00%,8.5,6.5,0,0,0,0,0,0,1,31,25
368,Kyle Juszczyk,FB,SFO,1.0,ARI,5,5,Sun,1,0,0.0,0,4,3,35,11.67,0,75.00%,8.75,6.5,0,0,0,0,0,0,0,10,17
369,Jeremy McNichols,RB,TEN,1.0,LAR,9,9,Sun,7,24,3.43,0,3,3,11,3.67,0,100.00%,3.67,6.5,0,0,0,0,0,0,1,28,16
370,Dalvin Cook,RB,MIN,0.0,CLE,4,4,Sun,9,34,3.78,0,6,2,10,5.0,0,33.30%,1.67,6.4,0,0,0,0,0,0,0,7,14
371,Demetric Felton,RB,CLE,0.0,DEN,7,7,Thu,2,13,6.5,0,3,3,21,7.0,0,100.00%,7.0,6.4,0,0,0,0,0,0,1,17,14
372,Leonard Fournette,RB,TAM,1.0,LAR,3,3,Sun,4,8,2.0,0,3,3,26,8.67,0,100.00%,8.67,6.4,0,0,0,0,0,0,0,24,34
373,Kenneth Gainwell,RB,PHI,1.0,DAL,3,3,Mon,1,2,2.0,0,4,3,32,10.67,0,75.00%,8.0,6.4,0,0,0,0,0,0,0,21,41
374,Nyheim Hines,RB,IND,0.0,TEN,8,8,Sun,1,2,2.0,0,5,4,22,5.5,0,80.00%,4.4,6.4,0,0,0,0,0,0,0,31,34
375,Travis Homer,RB,SEA,1.0,PIT,6,6,Sun,2,27,13.5,0,1,1,27,27.0,0,100.00%,27.0,6.4,0,0,0,0,0,0,0,20,23
376,Marlon Mack,RB,IND,1.0,BAL,5,5,Mon,5,47,9.4,0,2,1,7,7.0,0,50.00%,3.5,6.4,0,0,0,0,0,0,0,25,31
377,Kenneth Gainwell,RB,PHI,0.0,LAC,9,9,Sun,2,3,1.5,1,0,0,0,0.0,0,0.00%,0.0,6.3,0,0,0,0,0,0,0,24,27
378,Melvin Gordon,RB,DEN,1.0,PIT,5,5,Sun,9,34,3.78,0,2,2,9,4.5,0,100.00%,4.5,6.3,0,0,0,0,0,0,0,19,27
379,Kareem Hunt,RB,CLE,0.0,HOU,2,2,Sun,13,51,3.92,0,1,1,2,2.0,0,100.00%,2.0,6.3,0,0,0,0,0,0,1,31,21
380,Tony Jones,RB,NOR,0.0,GNB,1,1,Sun,11,50,4.55,0,1,1,3,3.0,0,100.00%,3.0,6.3,0,0,0,0,0,0,1,38,3
381,Jeremy McNichols,RB,TEN,0.0,ARI,1,1,Sun,2,9,4.5,0,4,3,24,8.0,0,75.00%,6.0,6.3,0,0,0,0,0,0,0,13,38
382,Jonathan Taylor,RB,IND,0.0,LAR,2,2,Sun,15,51,3.4,0,1,1,2,2.0,0,100.00%,2.0,6.3,0,0,0,0,0,0,0,24,27
383,Keith Smith,FB,ATL,0.0,PHI,1,1,Sun,2,13,6.5,0,3,3,18,6.0,0,100.00%,6.0,6.1,0,0,0,0,0,0,0,6,32
384,Andy Janovich,FB,CLE,0.0,HOU,2,2,Sun,2,0,0.0,1,0,0,0,0.0,0,0.00%,0.0,6.0,0,0,0,0,0,0,1,31,21
385,Christian McCaffrey,RB,CAR,1.0,HOU,3,3,Thu,7,31,4.43,0,2,2,9,4.5,0,100.00%,4.5,6.0,0,0,0,0,0,0,1,24,9
386,DeeJay Dallas,RB,SEA,0.0,LAR,5,5,Thu,4,7,1.75,0,2,2,32,16.0,0,100.00%,16.0,5.9,0,0,0,0,0,0,0,17,26
387,AJ Dillon,RB,GNB,1.0,CHI,6,6,Sun,11,59,5.36,0,0,0,0,0.0,0,0.00%,0.0,5.9,0,0,0,0,0,0,1,24,14
388,Ezekiel Elliott,RB,DAL,1.0,TAM,1,1,Thu,11,33,3.0,0,2,2,6,3.0,0,100.00%,3.0,5.9,0,0,0,0,0,0,0,29,31
389,Najee Harris,RB,PIT,1.0,BUF,1,1,Sun,16,45,2.81,0,3,1,4,4.0,0,33.30%,1.33,5.9,0,0,0,0,0,0,1,23,16
390,Jeremy McNichols,RB,TEN,1.0,SEA,2,2,Sun,1,3,3.0,0,3,3,26,8.67,0,100.00%,8.67,5.9,0,0,0,0,0,0,1,33,30
391,Zack Moss,RB,BUF,1.0,TEN,6,6,Mon,8,24,3.0,0,4,2,15,7.5,0,50.00%,3.75,5.9,0,0,0,0,0,1,0,31,34
392,Darrel Williams,RB,KAN,0.0,LAC,3,3,Sun,7,28,4.0,0,3,2,11,5.5,0,66.70%,3.67,5.9,0,0,0,0,0,0,0,24,30
393,J.D. McKissic,RB,WAS,1.0,BUF,3,3,Sun,3,23,7.67,0,2,2,15,7.5,0,100.00%,7.5,5.8,0,0,0,0,0,0,0,21,43
394,Darrel Williams,RB,KAN,1.0,BAL,2,2,Sun,3,-2,-0.67,1,0,0,0,0.0,0,0.00%,0.0,5.8,0,0,0,0,0,0,0,35,36
395,Mark Ingram,RB,HOU,1.0,ARI,7,7,Sun,6,9,1.5,0,3,3,18,6.0,0,100.00%,6.0,5.7,0,0,0,0,0,0,0,5,31
396,Samaje Perine,RB,CIN,0.0,CLE,9,9,Sun,5,20,4.0,0,3,2,17,8.5,0,66.70%,5.67,5.7,0,0,0,0,0,0,0,16,41
397,Jamaal Williams,RB,DET,1.0,LAR,7,7,Sun,12,57,4.75,0,0,0,0,0.0,0,0.00%,0.0,5.7,0,0,0,0,0,0,0,19,28
398,Jeremy McNichols,RB,TEN,1.0,JAX,5,5,Sun,1,9,9.0,0,2,2,26,13.0,0,100.00%,13.0,5.5,0,0,0,0,0,0,1,37,19
399,Jalen Richard,RB,LVR,0.0,PHI,7,7,Sun,4,8,2.0,0,4,3,17,5.67,0,75.00%,4.25,5.5,0,0,0,0,0,0,1,33,22
400,Alex Collins,RB,SEA,0.0,NOR,7,7,Mon,16,35,2.19,0,1,1,9,9.0,0,100.00%,9.0,5.4,0,0,0,0,0,0,0,10,13
401,Chase Edmonds,RB,ARI,0.0,SFO,5,5,Sun,6,15,2.5,0,4,3,19,6.33,0,75.00%,4.75,5.4,0,0,0,0,0,1,1,17,10
402,Antonio Gibson,RB,WAS,0.0,KAN,6,6,Sun,10,44,4.4,0,3,2,0,0.0,0,66.70%,0.0,5.4,0,0,0,0,0,1,0,13,31
403,Ty'Son Williams,RB,BAL,0.0,CIN,7,7,Sun,2,10,5.0,0,2,2,24,12.0,0,100.00%,12.0,5.4,0,0,0,0,0,0,0,17,41
404,James Conner,RB,ARI,1.0,TEN,1,1,Sun,16,53,3.31,0,0,0,0,0.0,0,0.00%,0.0,5.3,0,0,0,0,0,0,1,38,13
405,Jamycal Hasty,RB,SFO,1.0,CHI,7,8,Sun,3,4,1.33,0,2,2,29,14.5,0,100.00%,14.5,5.3,0,0,0,0,0,0,1,33,22
406,Justin Jackson,RB,LAC,0.0,LVR,4,4,Mon,3,-4,-1.33,0,4,4,17,4.25,0,100.00%,4.25,5.3,0,0,0,0,0,0,1,28,14
407,Aaron Jones,RB,GNB,1.0,KAN,9,9,Sun,12,53,4.42,0,2,0,0,0.0,0,0.00%,0.0,5.3,0,0,0,0,0,0,0,7,13
408,Ronald Jones II,RB,TAM,0.0,CHI,7,7,Sun,10,63,6.3,0,0,0,0,0.0,0,0.00%,0.0,5.3,0,0,0,0,0,1,1,38,3
409,Tony Pollard,RB,DAL,0.0,DEN,8,9,Sun,4,11,2.75,0,2,1,32,32.0,0,50.00%,16.0,5.3,0,0,0,0,0,0,0,16,30
410,Brandon Bolden,RB,NWE,0.0,NOR,3,3,Sun,3,-1,-0.33,0,4,3,23,7.67,0,75.00%,5.75,5.2,0,0,0,0,0,0,0,13,28
411,Tevin Coleman,RB,NYJ,0.0,TEN,4,4,Sun,4,14,3.5,0,2,2,17,8.5,0,100.00%,8.5,5.1,0,0,0,0,0,0,1,27,24
412,Javonte Williams,RB,DEN,1.0,NYG,1,1,Sun,14,45,3.21,0,1,1,-4,-4.0,0,100.00%,-4.0,5.1,0,0,0,0,0,0,1,27,13
413,Mark Ingram,RB,HOU,1.0,CLE,2,2,Sun,14,41,2.93,0,2,1,-1,-1.0,0,50.00%,-0.5,5.0,0,0,0,0,0,0,0,21,31
414,Ty Johnson,RB,NYJ,0.0,NWE,2,2,Sun,12,50,4.17,0,0,0,0,0.0,0,0.00%,0.0,5.0,0,0,0,0,0,0,0,6,25
415,Latavius Murray,RB,BAL,0.0,IND,5,5,Mon,6,17,2.83,0,3,2,13,6.5,0,66.70%,4.33,5.0,0,0,0,0,0,0,1,31,25
416,Michael Carter,RB,NYJ,1.0,DEN,3,3,Sun,9,24,2.67,0,3,2,5,2.5,0,66.70%,1.67,4.9,0,0,0,0,0,0,0,0,26
417,James Robinson,RB,JAX,1.0,SEA,7,8,Sun,4,22,5.5,0,2,1,17,17.0,0,50.00%,8.5,4.9,0,0,0,0,0,0,0,7,31
418,Salvon Ahmed,RB,MIA,1.0,NWE,1,1,Sun,3,4,1.33,0,3,2,24,12.0,0,66.70%,8.0,4.8,0,0,0,0,0,0,1,17,16
419,Salvon Ahmed,RB,MIA,1.0,JAX,6,6,Sun,7,22,3.14,0,2,1,15,15.0,0,50.00%,7.5,4.7,0,0,0,0,0,0,0,20,23
420,Elijhaa Penny,RB,NYG,0.0,LVR,9,9,Sun,5,35,7.0,0,2,2,-8,-4.0,0,100.00%,-4.0,4.7,0,0,0,0,0,0,1,23,16
421,AJ Dillon,RB,GNB,1.0,SFO,3,3,Sun,6,18,3.0,0,2,2,8,4.0,0,100.00%,4.0,4.6,0,0,0,0,0,0,1,30,28
422,Damien Harris,RB,NWE,0.0,TAM,4,4,Sun,4,-4,-1.0,0,2,2,30,15.0,0,100.00%,15.0,4.6,0,0,0,0,0,0,0,17,19
423,Jamycal Hasty,RB,SFO,0.0,IND,6,7,Sun,3,1,0.33,0,6,3,15,5.0,0,50.00%,2.5,4.6,0,0,0,0,0,0,0,18,30
424,Chuba Hubbard,RB,CAR,0.0,NWE,9,9,Sun,3,3,1.0,0,2,1,33,33.0,0,50.00%,16.5,4.6,0,0,0,0,0,0,0,6,24
425,Ronald Jones II,RB,TAM,0.0,ATL,2,2,Sun,6,27,4.5,0,3,1,9,9.0,0,33.30%,3.0,4.6,0,0,0,0,0,0,1,48,25
426,Ronald Jones II,RB,TAM,0.0,MIA,5,5,Sun,5,21,4.2,0,1,1,15,15.0,0,100.00%,15.0,4.6,0,0,0,0,0,0,1,45,17
427,Sony Michel,RB,LAR,1.0,IND,2,2,Sun,10,46,4.6,0,0,0,0,0.0,0,0.00%,0.0,4.6,0,0,0,0,0,0,1,27,24
428,Jaret Patterson,RB,WAS,1.0,DEN,8,8,Sun,11,46,4.18,0,1,0,0,0.0,0,0.00%,0.0,4.6,0,0,0,0,0,0,0,10,17
429,Alex Collins,RB,SEA,0.0,JAX,8,8,Sun,10,44,4.4,0,0,0,0,0.0,0,0.00%,0.0,4.4,0,0,0,0,0,0,1,31,7
430,Carlos Hyde,RB,JAX,0.0,ARI,3,3,Sun,8,44,5.5,0,0,0,0,0.0,0,0.00%,0.0,4.4,0,0,0,0,0,0,0,19,31
431,Zack Moss,RB,BUF,1.0,JAX,8,9,Sun,3,6,2.0,0,4,2,18,9.0,0,50.00%,4.5,4.4,0,0,0,0,0,0,0,6,9
432,Jamycal Hasty,RB,SFO,0.0,ARI,8,9,Sun,1,2,2.0,0,4,3,11,3.67,0,75.00%,2.75,4.3,0,0,0,0,0,0,0,17,31
433,Aaron Jones,RB,GNB,1.0,NOR,1,1,Sun,5,9,1.8,0,2,2,13,6.5,0,100.00%,6.5,4.2,0,0,0,0,0,0,0,3,38
434,Tony Jones,RB,NOR,1.0,NWE,3,3,Sun,2,12,6.0,0,2,2,10,5.0,0,100.00%,5.0,4.2,0,0,0,0,0,0,1,28,13
435,Sony Michel,RB,LAR,1.0,NYG,6,6,Sun,9,42,4.67,0,0,0,0,0.0,0,0.00%,0.0,4.2,0,0,0,0,0,0,1,38,11
436,Salvon Ahmed,RB,MIA,1.0,TAM,5,5,Sun,2,5,2.5,0,3,2,16,8.0,0,66.70%,5.33,4.1,0,0,0,0,0,0,0,17,45
437,Malcolm Brown,RB,MIA,1.0,JAX,6,6,Sun,5,24,4.8,0,1,1,7,7.0,0,100.00%,7.0,4.1,0,0,0,0,0,0,0,20,23
438,Chris Carson,RB,SEA,1.0,SFO,4,4,Sun,13,30,2.31,0,1,1,1,1.0,0,100.00%,1.0,4.1,0,0,0,0,0,0,1,28,21
439,Mark Ingram,RB,HOU,0.0,NWE,5,5,Sun,16,41,2.56,0,0,0,0,0.0,0,0.00%,0.0,4.1,0,0,0,0,0,0,0,22,25
440,Rhamondre Stevenson,RB,NWE,1.0,LAC,8,8,Sun,8,26,3.25,0,2,1,5,5.0,0,50.00%,2.5,4.1,0,0,0,0,0,0,1,27,24
441,Ty'Son Williams,RB,BAL,0.0,IND,5,5,Mon,4,6,1.5,0,2,2,15,7.5,0,100.00%,7.5,4.1,0,0,0,0,0,0,1,31,25
442,Alec Ingold,FB,LVR,0.0,PHI,7,7,Sun,1,1,1.0,0,1,1,29,29.0,0,100.00%,29.0,4.0,0,0,0,0,0,0,1,33,22
443,Scottie Phillips,RB,HOU,0.0,LAR,8,8,Sun,5,11,2.2,0,3,2,9,4.5,0,66.70%,3.0,4.0,0,0,0,0,0,0,0,22,38
444,Boston Scott,RB,PHI,0.0,LAC,9,9,Sun,10,40,4.0,0,0,0,0,0.0,0,0.00%,0.0,4.0,0,0,0,0,0,0,0,24,27
445,Ameer Abdullah,RB,MIN,1.0,CIN,1,1,Sun,1,4,4.0,0,2,2,15,7.5,0,100.00%,7.5,3.9,0,0,0,0,0,0,0,24,27
446,Justin Jackson,RB,LAC,0.0,DAL,2,2,Sun,4,21,5.25,0,1,1,8,8.0,0,100.00%,8.0,3.9,0,0,0,0,0,0,0,17,20
447,Ronald Jones II,RB,TAM,1.0,PHI,6,6,Thu,5,20,4.0,0,1,1,9,9.0,0,100.00%,9.0,3.9,0,0,0,0,0,0,1,28,22
448,Samaje Perine,RB,CIN,0.0,MIN,1,1,Sun,5,22,4.4,0,1,1,7,7.0,0,100.00%,7.0,3.9,0,0,0,0,0,0,1,27,24
449,Devin Singletary,RB,BUF,0.0,MIA,7,8,Sun,7,28,4.0,0,1,1,1,1.0,0,100.00%,1.0,3.9,0,0,0,0,0,0,1,26,11
450,Salvon Ahmed,RB,MIA,1.0,BUF,8,8,Sun,7,22,3.14,0,2,1,6,6.0,0,50.00%,3.0,3.8,0,0,0,0,0,0,0,11,26
451,Darrynton Evans,RB,TEN,0.0,KAN,7,7,Sun,2,7,3.5,0,2,2,11,5.5,0,100.00%,5.5,3.8,0,0,0,0,0,0,1,27,3
452,Alexander Mattison,RB,MIN,1.0,ARI,2,2,Sun,3,11,3.67,0,1,1,17,17.0,0,100.00%,17.0,3.8,0,0,0,0,0,0,0,33,34
453,Saquon Barkley,RB,NYG,0.0,DEN,1,1,Sun,10,26,2.6,0,3,1,1,1.0,0,33.30%,0.33,3.7,0,0,0,0,0,0,0,13,27
454,Malcolm Brown,RB,MIA,0.0,IND,4,4,Sun,8,23,2.88,0,1,1,4,4.0,0,100.00%,4.0,3.7,0,0,0,0,0,0,0,17,27
455,Kyle Juszczyk,FB,SFO,1.0,PHI,2,2,Sun,1,2,2.0,0,3,2,15,7.5,0,66.70%,5.0,3.7,0,0,0,0,0,0,1,17,11
456,Tony Pollard,RB,DAL,1.0,MIN,7,8,Sun,7,26,3.71,0,1,1,1,1.0,0,100.00%,1.0,3.7,0,0,0,0,0,0,1,20,16
457,Miles Sanders,RB,PHI,1.0,LVR,7,7,Sun,6,30,5.0,0,1,1,-3,-3.0,0,100.00%,-3.0,3.7,0,0,0,0,0,0,0,22,33
458,AJ Dillon,RB,GNB,1.0,NOR,1,1,Sun,4,19,4.75,0,2,1,7,7.0,0,50.00%,3.5,3.6,0,0,0,0,0,0,0,3,38
459,AJ Dillon,RB,GNB,0.0,DET,2,2,Mon,5,18,3.6,0,1,1,8,8.0,0,100.00%,8.0,3.6,0,0,0,0,0,0,1,35,17
460,Clyde Edwards-Helaire,RB,KAN,1.0,BAL,2,2,Sun,13,46,3.54,0,0,0,0,0.0,0,0.00%,0.0,3.6,0,0,0,0,0,1,0,35,36
461,Ty Johnson,RB,NYJ,1.0,CAR,1,1,Sun,4,15,3.75,0,3,1,11,11.0,0,33.30%,3.67,3.6,0,0,0,0,0,0,0,14,19
462,Devin Singletary,RB,BUF,0.0,WAS,3,3,Sun,11,26,2.36,0,2,1,0,0.0,0,50.00%,0.0,3.6,0,0,0,0,0,0,1,43,21
463,Royce Freeman,RB,CAR,1.0,HOU,3,3,Thu,5,17,3.4,0,1,1,8,8.0,0,100.00%,8.0,3.5,0,0,0,0,0,0,1,24,9
464,Jerick McKinnon,RB,KAN,0.0,BUF,5,5,Sun,1,2,2.0,0,2,2,13,6.5,0,100.00%,6.5,3.5,0,0,0,0,0,0,0,20,38
465,Clyde Edwards-Helaire,RB,KAN,0.0,BUF,5,5,Sun,7,13,1.86,0,2,1,11,11.0,0,50.00%,5.5,3.4,0,0,0,0,0,0,0,20,38
466,Kenneth Gainwell,RB,PHI,1.0,CAR,5,5,Sun,2,16,8.0,0,3,1,8,8.0,0,33.30%,2.67,3.4,0,0,0,0,0,0,1,21,18
467,Myles Gaskin,RB,MIA,1.0,JAX,6,6,Sun,5,9,1.8,0,6,2,5,2.5,0,33.30%,0.83,3.4,0,0,0,0,0,1,0,20,23
468,Salvon Ahmed,RB,MIA,0.0,IND,4,4,Sun,3,1,0.33,0,2,2,12,6.0,0,100.00%,6.0,3.3,0,0,0,0,0,0,0,17,27
469,C.J. Ham,FB,MIN,0.0,DAL,7,8,Sun,1,0,0.0,0,3,3,3,1.0,0,100.00%,1.0,3.3,0,0,0,0,0,0,0,16,20
470,Ty Johnson,RB,NYJ,1.0,DEN,3,3,Sun,3,17,5.67,0,5,1,6,6.0,0,20.00%,1.2,3.3,0,0,0,0,0,0,0,0,26
471,Ty Johnson,RB,NYJ,0.0,TEN,4,4,Sun,3,1,0.33,0,2,2,12,6.0,0,100.00%,6.0,3.3,0,0,0,0,0,1,1,27,24
472,Marlon Mack,RB,IND,1.0,MIA,4,4,Sun,10,22,2.2,0,2,1,1,1.0,0,50.00%,0.5,3.3,0,0,0,0,0,0,1,27,17
473,Devin Singletary,RB,BUF,1.0,KAN,5,5,Sun,6,25,4.17,0,2,1,-2,-2.0,0,50.00%,-1.0,3.3,0,0,0,0,0,0,1,38,20
474,Peyton Barber,RB,LVR,1.0,PIT,2,2,Sun,13,32,2.46,0,0,0,0,0.0,0,0.00%,0.0,3.2,0,0,0,0,0,0,1,26,17
475,Nyheim Hines,RB,IND,0.0,LAR,2,2,Sun,1,5,5.0,0,2,1,17,17.0,0,50.00%,8.5,3.2,0,0,0,0,0,0,0,24,27
476,Nyheim Hines,RB,IND,0.0,HOU,6,6,Sun,4,13,3.25,0,2,1,9,9.0,0,50.00%,4.5,3.2,0,0,0,0,0,0,1,31,3
477,Samaje Perine,RB,CIN,0.0,JAX,4,4,Thu,3,7,2.33,0,1,1,15,15.0,0,100.00%,15.0,3.2,0,0,0,0,0,0,1,24,21
478,Damien Harris,RB,NWE,0.0,NOR,3,3,Sun,6,14,2.33,0,2,2,-3,-1.5,0,100.00%,-1.5,3.1,0,0,0,0,0,0,0,13,28
479,Larry Rountree,RB,LAC,0.0,LVR,4,4,Mon,11,31,2.82,0,0,0,0,0.0,0,0.00%,0.0,3.1,0,0,0,0,0,0,1,28,14
480,Michael Carter,RB,NYJ,1.0,CAR,1,1,Sun,4,6,1.5,0,2,1,14,14.0,0,50.00%,7.0,3.0,0,0,0,0,0,0,0,14,19
481,C.J. Ham,FB,MIN,1.0,CAR,6,6,Sun,1,30,30.0,0,0,0,0,0.0,0,0.00%,0.0,3.0,0,0,0,0,0,0,1,34,28
482,Mark Ingram,RB,HOU,0.0,CAR,3,3,Thu,6,21,3.5,0,1,1,-1,-1.0,0,100.00%,-1.0,3.0,0,0,0,0,0,0,0,9,24
483,D'Onta Foreman,RB,TEN,1.0,LAR,9,9,Sun,5,29,5.8,0,0,0,0,0.0,0,0.00%,0.0,2.9,0,0,0,0,0,0,1,28,16
484,Devonta Freeman,RB,BAL,0.0,KAN,2,2,Sun,2,29,14.5,0,0,0,0,0.0,0,0.00%,0.0,2.9,0,0,0,0,0,0,1,36,35
485,Royce Freeman,RB,CAR,1.0,NYG,7,7,Sun,3,18,6.0,0,2,1,1,1.0,0,50.00%,0.5,2.9,0,0,0,0,0,0,0,3,25
486,Wayne Gallman,RB,ATL,0.0,WAS,4,4,Sun,6,29,4.83,0,1,0,0,0.0,0,0.00%,0.0,2.9,0,0,0,0,0,0,0,30,34
487,Derrick Gore,RB,KAN,0.0,GNB,9,9,Sun,3,13,4.33,0,1,1,6,6.0,0,100.00%,6.0,2.9,0,0,0,0,0,0,1,13,7
488,Ronald Jones II,RB,TAM,1.0,NOR,8,8,Sun,3,13,4.33,0,1,1,6,6.0,0,100.00%,6.0,2.9,0,0,0,0,0,0,0,27,36
489,Mike Davis,RB,ATL,1.0,NOR,8,9,Sun,9,13,1.44,0,2,1,5,5.0,0,50.00%,2.5,2.8,0,0,0,0,0,1,1,27,25
490,Travis Homer,RB,SEA,0.0,LAR,5,5,Thu,1,5,5.0,0,1,1,13,13.0,0,100.00%,13.0,2.8,0,0,0,0,0,0,0,17,26
491,Phillip Lindsay,RB,HOU,1.0,MIA,9,9,Sun,8,28,3.5,0,0,0,0,0.0,0,0.00%,0.0,2.8,0,0,0,0,0,0,0,9,17
492,Latavius Murray,RB,BAL,1.0,DET,3,3,Sun,7,28,4.0,0,0,0,0,0.0,0,0.00%,0.0,2.8,0,0,0,0,0,0,1,19,17
493,Dare Ogunbowale,RB,JAX,1.0,SEA,7,8,Sun,2,9,4.5,0,1,1,9,9.0,0,100.00%,9.0,2.8,0,0,0,0,0,0,0,7,31
494,Demetric Felton,RB,CLE,0.0,PIT,8,8,Sun,1,3,3.0,0,1,1,14,14.0,0,100.00%,14.0,2.7,0,0,0,0,0,0,0,10,15
495,Kenneth Gainwell,RB,PHI,1.0,DET,8,8,Sun,13,27,2.08,0,0,0,0,0.0,0,0.00%,0.0,2.7,0,0,0,0,0,0,1,44,6
496,Larry Rountree,RB,LAC,1.0,WAS,1,1,Sun,8,27,3.38,0,0,0,0,0.0,0,0.00%,0.0,2.7,0,0,0,0,0,0,1,20,16
497,Ke'Shawn Vaughn,RB,TAM,0.0,CHI,7,7,Sun,5,27,5.4,0,0,0,0,0.0,0,0.00%,0.0,2.7,0,0,0,0,0,0,1,38,3
498,Brandon Bolden,RB,NWE,1.0,LAC,8,8,Sun,4,26,6.5,0,0,0,0,0.0,0,0.00%,0.0,2.6,0,0,0,0,0,0,1,27,24
499,James Conner,RB,ARI,0.0,MIN,2,2,Sun,8,26,3.25,0,0,0,0,0.0,0,0.00%,0.0,2.6,0,0,0,0,0,0,1,34,33
500,Alex Collins,RB,SEA,0.0,TEN,2,2,Sun,1,25,25.0,0,0,0,0,0.0,0,0.00%,0.0,2.5,0,0,0,0,0,0,0,30,33
501,Royce Freeman,RB,CAR,1.0,ATL,8,8,Sun,6,25,4.17,0,1,0,0,0.0,0,0.00%,0.0,2.5,0,0,0,0,0,0,1,19,13
502,C.J. Ham,FB,MIN,0.0,DET,5,5,Sun,1,1,1.0,0,1,1,14,14.0,0,100.00%,14.0,2.5,0,0,0,0,0,0,1,19,17
503,Jerick McKinnon,RB,KAN,1.0,WAS,6,6,Sun,3,10,3.33,0,4,1,5,5.0,0,25.00%,1.25,2.5,0,0,0,0,0,0,1,31,13
504,J.J. Taylor,RB,NWE,0.0,NOR,3,3,Sun,1,2,2.0,0,2,2,3,1.5,0,100.00%,1.5,2.5,0,0,0,0,0,0,0,13,28
505,Ameer Abdullah,RB,MIN,0.0,SEA,3,3,Sun,5,24,4.8,0,0,0,0,0.0,0,0.00%,0.0,2.4,0,0,0,0,0,0,1,30,17
506,Tevin Coleman,RB,NYJ,1.0,CAR,1,1,Sun,9,24,2.67,0,0,0,0,0.0,0,0.00%,0.0,2.4,0,0,0,0,0,0,0,14,19
507,Tevin Coleman,RB,NYJ,0.0,NWE,2,2,Sun,5,24,4.8,0,0,0,0,0.0,0,0.00%,0.0,2.4,0,0,0,0,0,0,0,6,25
508,Mark Ingram,RB,HOU,1.0,BUF,4,4,Sun,6,24,4.0,0,0,0,0,0.0,0,0.00%,0.0,2.4,0,0,0,0,0,0,0,0,40
509,Elijhaa Penny,RB,NYG,0.0,CAR,7,7,Sun,9,24,2.67,0,0,0,0,0.0,0,0.00%,0.0,2.4,0,0,0,0,0,0,1,25,3
510,Damien Williams,RB,CHI,0.0,CIN,2,2,Sun,2,6,3.0,0,3,2,-2,-1.0,0,66.70%,-0.67,2.4,0,0,0,0,0,0,1,20,17
511,Devontae Booker,RB,NYG,0.0,DEN,1,1,Sun,4,7,1.75,0,1,1,6,6.0,0,100.00%,6.0,2.3,0,0,0,0,0,0,0,13,27
512,Rhamondre Stevenson,RB,NWE,1.0,HOU,5,5,Sun,11,23,2.09,0,0,0,0,0.0,0,0.00%,0.0,2.3,0,0,0,0,0,0,1,25,22
513,Devontae Booker,RB,NYG,1.0,NOR,4,4,Sun,1,6,6.0,0,1,1,6,6.0,0,100.00%,6.0,2.2,0,0,0,0,0,0,1,27,21
514,Nyheim Hines,RB,IND,1.0,SFO,7,7,Sun,8,14,1.75,0,3,1,-2,-2.0,0,33.30%,-0.67,2.2,0,0,0,0,0,0,1,30,18
515,Jaret Patterson,RB,WAS,1.0,ATL,4,4,Sun,2,1,0.5,0,1,1,11,11.0,0,100.00%,11.0,2.2,0,0,0,0,0,0,1,34,30
516,Ty'Son Williams,RB,BAL,1.0,DET,3,3,Sun,5,22,4.4,0,1,0,0,0.0,0,0.00%,0.0,2.2,0,0,0,0,0,0,1,19,17
517,Devontae Booker,RB,NYG,1.0,WAS,2,2,Thu,2,9,4.5,0,1,1,2,2.0,0,100.00%,2.0,2.1,0,0,0,0,0,0,0,29,30
518,Malcolm Brown,RB,MIA,0.0,BUF,2,2,Sun,5,21,4.2,0,0,0,0,0.0,0,0.00%,0.0,2.1,0,0,0,0,0,0,0,0,35
519,Nyheim Hines,RB,IND,1.0,MIA,4,4,Sun,2,6,3.0,0,2,2,5,2.5,0,100.00%,2.5,2.1,0,0,0,0,0,1,1,27,17
520,David Johnson,RB,HOU,1.0,IND,6,6,Sun,2,7,3.5,0,2,1,14,14.0,0,50.00%,7.0,2.1,0,0,0,0,0,1,0,3,31
521,Dwayne Washington,RB,NOR,0.0,NYG,4,4,Sun,1,5,5.0,0,1,1,6,6.0,0,100.00%,6.0,2.1,0,0,0,0,0,0,0,21,27
522,DeeJay Dallas,RB,SEA,1.0,IND,1,1,Sun,1,5,5.0,0,1,1,5,5.0,0,100.00%,5.0,2.0,0,0,0,0,0,0,1,28,16
523,Joshua Kelley,RB,LAC,1.0,PHI,8,9,Sun,3,6,2.0,0,1,1,4,4.0,0,100.00%,4.0,2.0,0,0,0,0,0,0,1,27,24
524,Alexander Mattison,RB,MIN,0.0,CLE,4,4,Sun,10,20,2.0,0,0,0,0,0.0,0,0.00%,0.0,2.0,0,0,0,0,0,0,0,7,14
525,Alexander Mattison,RB,MIN,0.0,DAL,7,8,Sun,2,5,2.5,0,2,2,-5,-2.5,0,100.00%,-2.5,2.0,0,0,0,0,0,0,0,16,20
526,Raheem Mostert,RB,SFO,1.0,DET,1,1,Sun,2,20,10.0,0,0,0,0,0.0,0,0.00%,0.0,2.0,0,0,0,0,0,0,1,41,33
527,Benny Snell Jr.,RB,PIT,0.0,DEN,5,5,Sun,5,20,4.0,0,1,0,0,0.0,0,0.00%,0.0,2.0,0,0,0,0,0,0,1,27,19
528,Malcolm Brown,RB,MIA,0.0,ATL,7,7,Sun,3,10,3.33,0,1,1,-1,-1.0,0,100.00%,-1.0,1.9,0,0,0,0,0,0,0,28,30
529,Reggie Gilliam,FB,BUF,0.0,HOU,4,4,Sun,1,1,1.0,0,1,1,8,8.0,0,100.00%,8.0,1.9,0,0,0,0,0,0,1,40,0
530,D'Ernest Johnson,RB,CLE,0.0,ARI,6,6,Sun,1,2,2.0,0,1,1,7,7.0,0,100.00%,7.0,1.9,0,0,0,0,0,0,0,14,37
531,Phillip Lindsay,RB,HOU,0.0,NWE,5,5,Sun,5,19,3.8,0,0,0,0,0.0,0,0.00%,0.0,1.9,0,0,0,0,0,0,0,22,25
532,Jamaal Williams,RB,DET,0.0,CIN,6,6,Sun,4,11,2.75,0,2,1,-2,-2.0,0,50.00%,-1.0,1.9,0,0,0,0,0,0,0,11,34
533,Royce Freeman,RB,CAR,0.0,PHI,5,5,Sun,3,2,0.67,0,2,1,6,6.0,0,50.00%,3.0,1.8,0,0,0,0,0,0,0,18,21
534,Nyheim Hines,RB,IND,1.0,BAL,5,5,Mon,4,18,4.5,0,1,0,0,0.0,0,0.00%,0.0,1.8,0,0,0,0,0,0,0,25,31
535,Damien Williams,RB,CHI,1.0,TAM,7,7,Sun,3,5,1.67,0,1,1,3,3.0,0,100.00%,3.0,1.8,0,0,0,0,0,0,0,3,38
536,Salvon Ahmed,RB,MIA,0.0,BUF,2,2,Sun,6,17,2.83,0,3,0,0,0.0,0,0.00%,0.0,1.7,0,0,0,0,0,0,0,0,35
537,Justin Jackson,RB,LAC,1.0,WAS,1,1,Sun,1,5,5.0,0,1,1,2,2.0,0,100.00%,2.0,1.7,0,0,0,0,0,0,1,20,16
538,Joshua Kelley,RB,LAC,0.0,CLE,5,5,Sun,2,17,8.5,0,0,0,0,0.0,0,0.00%,0.0,1.7,0,0,0,0,0,0,1,47,42
539,J.D. McKissic,RB,WAS,0.0,NOR,5,5,Sun,2,-1,-0.5,0,4,1,8,8.0,0,25.00%,2.0,1.7,0,0,0,0,0,0,0,22,33
540,Samaje Perine,RB,CIN,1.0,PIT,3,3,Sun,1,-1,-1.0,0,1,1,8,8.0,0,100.00%,8.0,1.7,0,0,0,0,0,0,1,24,10
541,Malcolm Brown,RB,MIA,1.0,NWE,1,1,Sun,5,16,3.2,0,0,0,0,0.0,0,0.00%,0.0,1.6,0,0,0,0,0,0,1,17,16
542,D'Ernest Johnson,RB,CLE,1.0,CIN,9,9,Sun,8,16,2.0,0,0,0,0,0.0,0,0.00%,0.0,1.6,0,0,0,0,0,0,1,41,16
543,Marlon Mack,RB,IND,0.0,LAR,2,2,Sun,5,16,3.2,0,1,0,0,0.0,0,0.00%,0.0,1.6,0,0,0,0,0,0,0,24,27
544,Alexander Mattison,RB,MIN,1.0,CIN,1,1,Sun,1,2,2.0,0,1,1,4,4.0,0,100.00%,4.0,1.6,0,0,0,0,0,0,0,24,27
545,Kalen Ballage,RB,PIT,0.0,SEA,6,6,Sun,2,15,7.5,0,0,0,0,0.0,0,0.00%,0.0,1.5,0,0,0,0,0,0,1,23,20
546,Tony Jones,RB,NOR,0.0,NYG,4,4,Sun,3,8,2.67,0,3,1,-3,-3.0,0,33.30%,-1.0,1.5,0,0,0,0,0,0,0,21,27
547,Dare Ogunbowale,RB,JAX,0.0,BUF,8,9,Sun,1,1,1.0,0,1,1,4,4.0,0,100.00%,4.0,1.5,0,0,0,0,0,0,1,9,6
548,Le'Veon Bell,RB,BAL,0.0,CIN,7,7,Sun,5,5,1.0,0,2,1,-1,-1.0,0,50.00%,-0.5,1.4,0,0,0,0,0,0,0,17,41
549,Kylin Hill,RB,GNB,1.0,NOR,1,1,Sun,5,14,2.8,0,0,0,0,0.0,0,0.00%,0.0,1.4,0,0,0,0,0,0,0,3,38
550,Travis Homer,RB,SEA,0.0,NOR,7,7,Mon,1,14,14.0,0,0,0,0,0.0,0,0.00%,0.0,1.4,0,0,0,0,0,0,0,10,13
551,Devine Ozigbo,RB,NOR,1.0,SEA,6,7,Mon,1,-3,-3.0,0,1,1,7,7.0,0,100.00%,7.0,1.4,0,0,0,0,0,0,1,13,10
552,Jonathan Ward,RB,ARI,1.0,CLE,6,6,Sun,4,14,3.5,0,0,0,0,0.0,0,0.00%,0.0,1.4,0,0,0,0,0,0,1,37,14
553,Khalil Herbert,RB,CHI,1.0,PIT,9,9,Mon,4,13,3.25,0,0,0,0,0.0,0,0.00%,0.0,1.3,0,0,0,0,0,0,0,27,29
554,Carlos Hyde,RB,JAX,0.0,TEN,5,5,Sun,5,13,2.6,0,0,0,0,0.0,0,0.00%,0.0,1.3,0,0,0,0,0,0,0,19,37
555,David Johnson,RB,HOU,0.0,LAR,8,8,Sun,2,4,2.0,0,1,1,-1,-1.0,0,100.00%,-1.0,1.3,0,0,0,0,0,0,0,22,38
556,John Kelly,RB,CLE,0.0,DEN,7,7,Thu,2,13,6.5,0,0,0,0,0.0,0,0.00%,0.0,1.3,0,0,0,0,0,0,1,17,14
557,Alexander Mattison,RB,MIN,1.0,BAL,8,9,Sun,4,0,0.0,0,1,1,3,3.0,0,100.00%,3.0,1.3,0,0,0,0,0,0,0,31,34
558,Jaret Patterson,RB,WAS,0.0,NOR,5,5,Sun,4,13,3.25,0,0,0,0,0.0,0,0.00%,0.0,1.3,0,0,0,0,0,0,0,22,33
559,Jaret Patterson,RB,WAS,0.0,KAN,6,6,Sun,1,5,5.0,0,1,1,-2,-2.0,0,100.00%,-2.0,1.3,0,0,0,0,0,0,0,13,31
560,Jalen Richard,RB,LVR,1.0,DEN,6,6,Sun,1,0,0.0,0,1,1,3,3.0,0,100.00%,3.0,1.3,0,0,0,0,0,0,1,34,24
561,Trayveon Williams,RB,CIN,1.0,DET,6,6,Sun,6,13,2.17,0,0,0,0,0.0,0,0.00%,0.0,1.3,0,0,0,0,0,0,1,34,11
562,Alex Armah,FB,NOR,0.0,ATL,8,9,Sun,2,12,6.0,0,0,0,0,0.0,0,0.00%,0.0,1.2,0,0,0,0,0,0,0,25,27
563,Brandon Bolden,RB,NWE,0.0,DAL,6,6,Sun,1,-1,-1.0,0,1,1,3,3.0,0,100.00%,3.0,1.2,0,0,0,0,0,0,0,29,35
564,Royce Freeman,RB,CAR,1.0,DAL,4,4,Sun,3,12,4.0,0,0,0,0,0.0,0,0.00%,0.0,1.2,0,0,0,0,0,0,0,28,36
565,Marlon Mack,RB,IND,0.0,HOU,6,6,Sun,5,12,2.4,0,0,0,0,0.0,0,0.00%,0.0,1.2,0,0,0,0,0,0,1,31,3
566,Jacques Patrick,RB,SFO,0.0,SEA,4,4,Sun,2,12,6.0,0,0,0,0,0.0,0,0.00%,0.0,1.2,0,0,0,0,0,0,0,21,28
567,Le'Veon Bell,RB,BAL,1.0,DEN,4,4,Sun,4,11,2.75,0,1,0,0,0.0,0,0.00%,0.0,1.1,0,0,0,0,0,0,1,23,7
568,Tevin Coleman,RB,NYJ,1.0,ATL,5,5,Sun,3,11,3.67,0,1,0,0,0.0,0,0.00%,0.0,1.1,0,0,0,0,0,0,0,20,27
569,Kenyan Drake,RB,LVR,0.0,CHI,5,5,Sun,2,11,5.5,0,1,0,0,0.0,0,0.00%,0.0,1.1,0,0,0,0,0,0,0,9,20
570,Buddy Howell,RB,LAR,1.0,HOU,8,8,Sun,5,11,2.2,0,0,0,0,0.0,0,0.00%,0.0,1.1,0,0,0,0,0,0,1,38,22
571,David Johnson,RB,HOU,0.0,CAR,3,3,Thu,2,11,5.5,0,0,0,0,0.0,0,0.00%,0.0,1.1,0,0,0,0,0,0,0,9,24
572,Ronald Jones II,RB,TAM,1.0,LAR,3,3,Sun,5,11,2.2,0,0,0,0,0.0,0,0.00%,0.0,1.1,0,0,0,0,0,0,0,24,34
573,Larry Rountree,RB,LAC,0.0,NWE,7,8,Sun,4,11,2.75,0,0,0,0,0.0,0,0.00%,0.0,1.1,0,0,0,0,0,0,0,24,27
574,Rhamondre Stevenson,RB,NWE,0.0,MIA,1,1,Sun,1,2,2.0,0,1,1,9,9.0,0,100.00%,9.0,1.1,0,0,0,0,0,1,0,16,17
575,Mike Davis,RB,ATL,1.0,MIA,6,7,Sun,4,10,2.5,0,0,0,0,0.0,0,0.00%,0.0,1.0,0,0,0,0,0,0,1,30,28
576,Chuba Hubbard,RB,CAR,0.0,NOR,2,2,Sun,8,10,1.25,0,1,0,0,0.0,0,0.00%,0.0,1.0,0,0,0,0,0,0,1,26,7
577,Alexander Mattison,RB,MIN,1.0,CAR,6,6,Sun,3,10,3.33,0,0,0,0,0.0,0,0.00%,0.0,1.0,0,0,0,0,0,0,1,34,28
578,Saquon Barkley,RB,NYG,1.0,DAL,5,5,Sun,2,9,4.5,0,1,0,0,0.0,0,0.00%,0.0,0.9,0,0,0,0,0,0,0,20,44
579,Rex Burkhead,RB,HOU,1.0,MIA,9,9,Sun,2,9,4.5,0,0,0,0,0.0,0,0.00%,0.0,0.9,0,0,0,0,0,0,0,9,17
580,D'Ernest Johnson,RB,CLE,0.0,CHI,3,3,Sun,2,9,4.5,0,0,0,0,0.0,0,0.00%,0.0,0.9,0,0,0,0,0,0,1,26,6
581,Jaret Patterson,RB,WAS,0.0,LAC,1,1,Sun,2,9,4.5,0,0,0,0,0.0,0,0.00%,0.0,0.9,0,0,0,0,0,0,0,16,20
582,Rashaad Penny,RB,SEA,0.0,NOR,7,7,Mon,6,9,1.5,0,0,0,0,0.0,0,0.00%,0.0,0.9,0,0,0,0,0,0,0,10,13
583,Alex Collins,RB,SEA,1.0,MIN,3,3,Sun,2,8,4.0,0,0,0,0,0.0,0,0.00%,0.0,0.8,0,0,0,0,0,0,0,17,30
584,AJ Dillon,RB,GNB,0.0,WAS,7,7,Sun,3,6,2.0,0,2,1,2,2.0,0,50.00%,1.0,0.8,0,0,0,0,0,2,1,24,10
585,Devonta Freeman,RB,BAL,1.0,DET,3,3,Sun,3,8,2.67,0,0,0,0,0.0,0,0.00%,0.0,0.8,0,0,0,0,0,0,1,19,17
586,Kylin Hill,RB,GNB,0.0,DET,2,2,Mon,2,8,4.0,0,0,0,0,0.0,0,0.00%,0.0,0.8,0,0,0,0,0,0,1,35,17
587,Phillip Lindsay,RB,HOU,1.0,ARI,7,7,Sun,2,8,4.0,0,0,0,0,0.0,0,0.00%,0.0,0.8,0,0,0,0,0,0,0,5,31
588,Phillip Lindsay,RB,HOU,0.0,LAR,8,8,Sun,3,8,2.67,0,0,0,0,0.0,0,0.00%,0.0,0.8,0,0,0,0,0,0,0,22,38
589,J.D. McKissic,RB,WAS,0.0,LAC,1,1,Sun,1,8,8.0,0,1,0,0,0.0,0,0.00%,0.0,0.8,0,0,0,0,0,0,0,16,20
590,Rashaad Penny,RB,SEA,1.0,IND,1,1,Sun,2,8,4.0,0,0,0,0,0.0,0,0.00%,0.0,0.8,0,0,0,0,0,0,1,28,16
591,Larry Rountree,RB,LAC,0.0,DAL,2,2,Sun,1,-1,-1.0,0,1,1,-1,-1.0,0,100.00%,-1.0,0.8,0,0,0,0,0,0,0,17,20
592,Trey Sermon,RB,SFO,1.0,PHI,2,2,Sun,1,8,8.0,0,0,0,0,0.0,0,0.00%,0.0,0.8,0,0,0,0,0,0,1,17,11
593,Eno Benjamin,RB,ARI,0.0,HOU,7,7,Sun,2,7,3.5,0,0,0,0,0.0,0,0.00%,0.0,0.7,0,0,0,0,0,0,1,31,5
594,Damarea Crockett,RB,DEN,0.0,NYJ,3,3,Sun,3,7,2.33,0,0,0,0,0.0,0,0.00%,0.0,0.7,0,0,0,0,0,0,1,26,0
595,Khalil Herbert,RB,CHI,0.0,DET,4,4,Sun,3,7,2.33,0,0,0,0,0.0,0,0.00%,0.0,0.7,0,0,0,0,0,0,1,24,14
596,Carlos Hyde,RB,JAX,0.0,DEN,2,2,Sun,2,7,3.5,0,2,0,0,0.0,0,0.00%,0.0,0.7,0,0,0,0,0,0,0,13,23
597,Tony Jones,RB,NOR,1.0,CAR,2,2,Sun,3,7,2.33,0,0,0,0,0.0,0,0.00%,0.0,0.7,0,0,0,0,0,0,0,7,26
598,Joshua Kelley,RB,LAC,1.0,BAL,6,6,Sun,4,7,1.75,0,0,0,0,0.0,0,0.00%,0.0,0.7,0,0,0,0,0,0,0,6,34
599,Rashaad Penny,RB,SEA,0.0,JAX,8,8,Sun,7,7,1.0,0,0,0,0,0.0,0,0.00%,0.0,0.7,0,0,0,0,0,0,1,31,7
600,Trey Sermon,RB,SFO,1.0,ARI,5,5,Sun,1,7,7.0,0,0,0,0,0.0,0,0.00%,0.0,0.7,0,0,0,0,0,0,0,10,17
601,Jonathan Ward,RB,ARI,0.0,HOU,7,7,Sun,1,7,7.0,0,0,0,0,0.0,0,0.00%,0.0,0.7,0,0,0,0,0,0,1,31,5
602,Salvon Ahmed,RB,MIA,0.0,HOU,9,9,Sun,4,6,1.5,0,0,0,0,0.0,0,0.00%,0.0,0.6,0,0,0,0,0,0,1,17,9
603,DeeJay Dallas,RB,SEA,0.0,JAX,8,8,Sun,1,6,6.0,0,0,0,0,0.0,0,0.00%,0.0,0.6,0,0,0,0,0,0,1,31,7
604,Jake Funk,RB,LAR,0.0,TAM,3,3,Sun,1,6,6.0,0,0,0,0,0.0,0,0.00%,0.0,0.6,0,0,0,0,0,0,1,34,24
605,Elijhaa Penny,RB,NYG,0.0,ATL,3,3,Sun,2,6,3.0,0,0,0,0,0.0,0,0.00%,0.0,0.6,0,0,0,0,0,0,0,14,17
606,Benny Snell Jr.,RB,PIT,0.0,CHI,8,9,Mon,2,6,3.0,0,0,0,0,0.0,0,0.00%,0.0,0.6,0,0,0,0,0,0,1,29,27
607,James White,RB,NWE,0.0,NOR,3,3,Sun,1,6,6.0,0,1,0,0,0.0,0,0.00%,0.0,0.6,0,0,0,0,0,0,0,13,28
608,Alex Armah,FB,NOR,1.0,NWE,3,3,Sun,1,5,5.0,0,0,0,0,0.0,0,0.00%,0.0,0.5,0,0,0,0,0,0,1,28,13
609,Brandon Bolden,RB,NWE,0.0,MIA,1,1,Sun,1,5,5.0,0,0,0,0,0.0,0,0.00%,0.0,0.5,0,0,0,0,0,0,0,16,17
610,Michael Burton,FB,KAN,1.0,PHI,4,4,Sun,1,5,5.0,0,0,0,0,0.0,0,0.00%,0.0,0.5,0,0,0,0,0,0,1,42,30
611,Trenton Cannon,RB,BAL,1.0,LVR,1,1,Mon,2,5,2.5,0,0,0,0,0.0,0,0.00%,0.0,0.5,0,0,0,0,0,0,0,27,33
612,Travis Homer,RB,SEA,1.0,SFO,4,4,Sun,1,5,5.0,0,0,0,0,0.0,0,0.00%,0.0,0.5,0,0,0,0,0,0,1,28,21
613,Phillip Lindsay,RB,HOU,0.0,CAR,3,3,Thu,7,5,0.71,0,0,0,0,0.0,0,0.00%,0.0,0.5,0,0,0,0,0,0,0,9,24
614,Elijhaa Penny,RB,NYG,1.0,WAS,2,2,Thu,2,5,2.5,0,0,0,0,0.0,0,0.00%,0.0,0.5,0,0,0,0,0,0,0,29,30
615,Matt Breida,RB,BUF,0.0,PIT,1,1,Sun,4,4,1.0,0,0,0,0,0.0,0,0.00%,0.0,0.4,0,0,0,0,0,0,0,16,23
616,Gary Brightwell,RB,NYG,0.0,ATL,3,3,Sun,1,4,4.0,0,0,0,0,0.0,0,0.00%,0.0,0.4,0,0,0,0,0,0,0,14,17
617,Devonta Freeman,RB,BAL,1.0,DEN,4,4,Sun,1,4,4.0,0,0,0,0,0.0,0,0.00%,0.0,0.4,0,0,0,0,0,0,1,23,7
618,Ronald Jones II,RB,TAM,0.0,DAL,1,1,Thu,4,14,3.5,0,0,0,0,0.0,0,0.00%,0.0,0.4,0,0,0,0,0,1,1,31,29
619,Marlon Mack,RB,IND,1.0,SFO,7,7,Sun,3,4,1.33,0,0,0,0,0.0,0,0.00%,0.0,0.4,0,0,0,0,0,0,1,30,18
620,Sony Michel,RB,LAR,0.0,DET,7,7,Sun,2,4,2.0,0,0,0,0,0.0,0,0.00%,0.0,0.4,0,0,0,0,0,0,1,28,19
621,Ryan Nall,RB,CHI,0.0,SFO,8,8,Sun,1,4,4.0,0,0,0,0,0.0,0,0.00%,0.0,0.4,0,0,0,0,0,0,0,22,33
622,Elijhaa Penny,RB,NYG,1.0,DAL,5,5,Sun,1,4,4.0,0,0,0,0,0.0,0,0.00%,0.0,0.4,0,0,0,0,0,0,0,20,44
623,Darrel Williams,RB,KAN,0.0,CLE,1,1,Sun,1,4,4.0,0,0,0,0,0.0,0,0.00%,0.0,0.4,0,0,0,0,0,0,1,33,29
624,Chase Edmonds,RB,ARI,1.0,SFO,9,9,Sun,1,3,3.0,0,0,0,0,0.0,0,0.00%,0.0,0.3,0,0,0,0,0,0,1,31,17
625,Royce Freeman,RB,CAR,0.0,MIN,6,6,Sun,1,3,3.0,0,0,0,0,0.0,0,0.00%,0.0,0.3,0,0,0,0,0,0,0,28,34
626,Myles Gaskin,RB,MIA,0.0,IND,4,4,Sun,2,3,1.5,0,0,0,0,0.0,0,0.00%,0.0,0.3,0,0,0,0,0,0,0,17,27
627,Dare Ogunbowale,RB,JAX,1.0,CIN,4,4,Thu,2,3,1.5,0,0,0,0,0.0,0,0.00%,0.0,0.3,0,0,0,0,0,0,0,21,24
628,La'Mical Perine,RB,NYJ,0.0,CIN,7,8,Sun,1,3,3.0,0,0,0,0,0.0,0,0.00%,0.0,0.3,0,0,0,0,0,0,1,34,31
629,Larry Rountree,RB,LAC,1.0,KAN,3,3,Sun,4,3,0.75,0,1,0,0,0.0,0,0.00%,0.0,0.3,0,0,0,0,0,0,1,30,24
630,Keith Smith,FB,ATL,1.0,TAM,2,2,Sun,2,3,1.5,0,1,0,0,0.0,0,0.00%,0.0,0.3,0,0,0,0,0,0,0,25,48
631,J.J. Taylor,RB,NWE,1.0,NYJ,2,2,Sun,2,3,1.5,0,0,0,0,0.0,0,0.00%,0.0,0.3,0,0,0,0,0,0,1,25,6
632,Ameer Abdullah,RB,MIN,0.0,DET,5,5,Sun,1,2,2.0,0,0,0,0,0.0,0,0.00%,0.0,0.2,0,0,0,0,0,0,1,19,17
633,Alex Armah,FB,NOR,0.0,NYG,4,4,Sun,1,2,2.0,0,0,0,0,0.0,0,0.00%,0.0,0.2,0,0,0,0,0,0,0,21,27
634,Alex Armah,FB,NOR,1.0,SEA,6,7,Mon,1,2,2.0,0,0,0,0,0.0,0,0.00%,0.0,0.2,0,0,0,0,0,0,1,13,10
635,Michael Burton,FB,KAN,0.0,CLE,1,1,Sun,1,2,2.0,0,0,0,0,0.0,0,0.00%,0.0,0.2,0,0,0,0,0,0,1,33,29
636,Michael Burton,FB,KAN,0.0,BUF,5,5,Sun,1,2,2.0,0,0,0,0,0.0,0,0.00%,0.0,0.2,0,0,0,0,0,0,0,20,38
637,Kenyan Drake,RB,LVR,1.0,LAC,4,4,Mon,1,2,2.0,0,0,0,0,0.0,0,0.00%,0.0,0.2,0,0,0,0,0,0,0,14,28
638,Wayne Gallman,RB,ATL,0.0,NYJ,5,5,Sun,1,2,2.0,0,0,0,0,0.0,0,0.00%,0.0,0.2,0,0,0,0,0,0,1,27,20
639,Wayne Gallman,RB,ATL,1.0,MIA,6,7,Sun,1,2,2.0,0,0,0,0,0.0,0,0.00%,0.0,0.2,0,0,0,0,0,0,1,30,28
640,Reggie Gilliam,FB,BUF,1.0,MIA,2,2,Sun,2,2,1.0,0,0,0,0,0.0,0,0.00%,0.0,0.2,0,0,0,0,0,0,1,35,0
641,C.J. Ham,FB,MIN,0.0,SEA,3,3,Sun,2,2,1.0,0,0,0,0,0.0,0,0.00%,0.0,0.2,0,0,0,0,0,0,1,30,17
642,Kylin Hill,RB,GNB,0.0,WAS,7,7,Sun,3,2,0.67,0,1,0,0,0.0,0,0.00%,0.0,0.2,0,0,0,0,0,0,1,24,10
643,Sony Michel,RB,LAR,0.0,CHI,1,1,Sun,1,2,2.0,0,0,0,0,0.0,0,0.00%,0.0,0.2,0,0,0,0,0,0,1,34,14
644,Gabe Nabers,FB,LAC,1.0,WAS,1,1,Sun,1,2,2.0,0,0,0,0,0.0,0,0.00%,0.0,0.2,0,0,0,0,0,0,1,20,16
645,Scottie Phillips,RB,HOU,1.0,MIA,9,9,Sun,1,2,2.0,0,0,0,0,0.0,0,0.00%,0.0,0.2,0,0,0,0,0,0,0,9,17
646,Patrick Ricard,FB,BAL,0.0,KAN,2,2,Sun,1,2,2.0,0,0,0,0,0.0,0,0.00%,0.0,0.2,0,0,0,0,0,0,1,36,35
647,Mekhi Sargent,RB,TEN,0.0,ARI,1,1,Sun,1,2,2.0,0,0,0,0,0.0,0,0.00%,0.0,0.2,0,0,0,0,0,0,0,13,38
648,Mekhi Sargent,RB,TEN,0.0,IND,3,3,Sun,1,2,2.0,0,0,0,0,0.0,0,0.00%,0.0,0.2,0,0,0,0,0,0,1,25,16
649,Keith Smith,FB,ATL,0.0,WAS,4,4,Sun,1,2,2.0,0,0,0,0,0.0,0,0.00%,0.0,0.2,0,0,0,0,0,0,0,30,34
650,C.J. Ham,FB,MIN,0.0,CLE,4,4,Sun,1,1,1.0,0,0,0,0,0.0,0,0.00%,0.0,0.1,0,0,0,0,0,0,0,7,14
651,Anthony McFarland Jr.,RB,PIT,1.0,CLE,7,8,Sun,1,1,1.0,0,0,0,0,0.0,0,0.00%,0.0,0.1,0,0,0,0,0,0,1,15,10
652,Sony Michel,RB,LAR,0.0,ARI,4,4,Sun,3,11,3.67,0,0,0,0,0.0,0,0.00%,0.0,0.1,0,0,0,0,0,1,0,20,37
653,Larry Rountree,RB,LAC,1.0,PHI,8,9,Sun,1,1,1.0,0,0,0,0,0.0,0,0.00%,0.0,0.1,0,0,0,0,0,0,1,27,24
654,Benny Snell Jr.,RB,PIT,0.0,LVR,2,2,Sun,2,1,0.5,0,0,0,0,0.0,0,0.00%,0.0,0.1,0,0,0,0,0,0,0,17,26
655,Kalen Ballage,RB,PIT,0.0,DEN,5,5,Sun,4,0,0.0,0,1,0,0,0.0,0,0.00%,0.0,0.0,0,0,0,0,0,0,1,27,19
656,Peyton Barber,RB,LVR,1.0,LAC,4,4,Mon,1,0,0.0,0,0,0,0,0.0,0,0.00%,0.0,0.0,0,0,0,0,0,0,0,14,28
657,Corey Clement,RB,DAL,0.0,PHI,3,3,Mon,3,0,0.0,0,0,0,0,0.0,0,0.00%,0.0,0.0,0,0,0,0,0,0,1,41,21
658,Justin Jackson,RB,LAC,1.0,KAN,3,3,Sun,2,0,0.0,0,0,0,0,0.0,0,0.00%,0.0,0.0,0,0,0,0,0,0,1,30,24
659,Benny Snell Jr.,RB,PIT,1.0,GNB,4,4,Sun,1,0,0.0,0,1,0,0,0.0,0,0.00%,0.0,0.0,0,0,0,0,0,0,0,17,27
660,J.J. Taylor,RB,NWE,0.0,TAM,4,4,Sun,1,0,0.0,0,1,1,0,0.0,0,100.00%,0.0,0.0,0,0,0,0,0,1,0,17,19
