,player,pos,team,opp_home,opp,game,week,day,rec_tgt,rec,rec_yds,rec_ydr,rec_td,rec_pct,rec_ydtgt,dk_pt,pass_cmp,pass_att,pass_yds,pass_td,pass_int,rush_att,rush_yds,rush_td,fmb,team_win,team_score,opp_score
0,Mark Andrews,TE,BAL,0.0,IND,5,5,Mon,13,11,147,13.36,2,84.60%,11.31,44.7,0,0,0,0,0,0,0,0,0,1,31,25
1,David Njoku,TE,CLE,1.0,LAC,5,5,Sun,7,7,149,21.29,1,100.00%,21.29,30.9,0,0,0,0,0,0,0,0,0,0,42,47
2,Kyle Pitts,TE,ATL,0.0,NYJ,5,5,Sun,10,9,119,13.22,1,90.00%,11.9,29.9,0,0,0,0,0,0,0,0,0,1,27,20
3,Darren Waller,TE,LVR,0.0,BAL,1,1,Mon,19,10,105,10.5,1,52.60%,5.53,29.5,0,0,0,0,0,0,0,0,0,1,33,27
4,Rob Gronkowski,TE,TAM,0.0,DAL,1,1,Thu,8,8,90,11.25,2,100.00%,11.25,29.0,0,0,0,0,0,0,0,0,0,1,31,29
5,Travis Kelce,TE,KAN,1.0,BAL,2,2,Sun,8,7,109,15.57,1,87.50%,13.63,26.9,0,0,0,0,0,0,0,0,0,0,35,36
6,C.J. Uzomah,TE,CIN,0.0,JAX,4,4,Thu,6,5,95,19.0,2,83.30%,15.83,26.5,0,0,0,0,0,0,0,0,0,1,24,21
7,Kyle Pitts,TE,ATL,1.0,MIA,6,7,Sun,8,7,163,23.29,0,87.50%,20.38,26.3,0,0,0,0,0,0,0,0,0,1,30,28
8,Dalton Schultz,TE,DAL,0.0,PHI,3,3,Mon,7,6,80,13.33,2,85.70%,11.43,26.0,0,0,0,0,0,0,0,0,0,1,41,21
9,T.J. Hockenson,TE,DET,0.0,SFO,1,1,Sun,11,8,97,12.13,1,72.70%,8.82,25.7,0,0,0,0,0,0,0,0,0,0,33,41
10,Travis Kelce,TE,KAN,0.0,CLE,1,1,Sun,7,6,76,12.67,2,85.70%,10.86,25.6,0,0,0,0,0,0,0,0,0,1,33,29
11,Noah Fant,TE,DEN,0.0,LVR,6,6,Sun,11,9,97,10.78,1,81.80%,8.82,24.7,0,0,0,0,0,0,0,0,0,0,24,34
12,George Kittle,TE,SFO,0.0,ARI,8,9,Sun,8,6,101,16.83,1,75.00%,12.63,24.1,0,0,0,0,0,0,0,0,1,0,17,31
13,C.J. Uzomah,TE,CIN,1.0,BAL,7,7,Sun,3,3,91,30.33,2,100.00%,30.33,24.1,0,0,0,0,0,0,0,0,0,1,41,17
14,Dawson Knox,TE,BUF,1.0,KAN,5,5,Sun,4,3,117,39.0,1,75.00%,29.25,23.7,0,0,0,0,0,0,0,0,0,1,38,20
15,Mike Gesicki,TE,MIA,1.0,JAX,6,6,Sun,9,8,115,14.38,0,88.90%,12.78,22.5,0,0,0,0,0,0,0,0,0,0,20,23
16,Mike Gesicki,TE,MIA,0.0,ATL,7,7,Sun,8,7,85,12.14,1,87.50%,10.63,21.5,0,0,0,0,0,0,0,0,0,0,28,30
17,Pat Freiermuth,TE,PIT,0.0,CHI,8,9,Mon,6,5,43,8.6,2,83.30%,7.17,21.3,0,0,0,0,0,0,0,0,0,1,29,27
18,Dawson Knox,TE,BUF,0.0,HOU,4,4,Sun,8,5,37,7.4,2,62.50%,4.63,20.7,0,0,0,0,0,0,0,0,0,1,40,0
19,T.J. Hockenson,TE,DET,1.0,GNB,2,2,Mon,9,8,66,8.25,1,88.90%,7.33,20.6,0,0,0,0,0,0,0,0,0,0,17,35
20,Travis Kelce,TE,KAN,0.0,LAC,3,3,Sun,11,7,104,14.86,0,63.60%,9.45,20.4,0,0,0,0,0,0,0,0,0,0,24,30
21,Tyler Conklin,TE,MIN,0.0,SEA,3,3,Sun,8,7,70,10.0,1,87.50%,8.75,20.0,0,0,0,0,0,0,0,0,0,1,30,17
22,Rob Gronkowski,TE,TAM,0.0,ATL,2,2,Sun,5,4,39,9.75,2,80.00%,7.8,19.9,0,0,0,0,0,0,0,0,0,1,48,25
23,Hunter Henry,TE,NWE,1.0,HOU,5,5,Sun,8,6,75,12.5,1,75.00%,9.38,19.5,0,0,0,0,0,0,0,0,0,1,25,22
24,Mo Alie-Cox,TE,IND,1.0,MIA,4,4,Sun,5,3,42,14.0,2,60.00%,8.4,19.2,0,0,0,0,0,0,0,0,0,1,27,17
25,Jared Cook,TE,LAC,0.0,LVR,4,4,Mon,7,6,70,11.67,1,85.70%,10.0,19.0,0,0,0,0,0,0,0,0,0,1,28,14
26,Mark Andrews,TE,BAL,1.0,DET,3,3,Sun,7,5,109,21.8,0,71.40%,15.57,18.9,0,0,0,0,0,0,0,0,0,1,19,17
27,T.J. Hockenson,TE,DET,0.0,PHI,8,8,Sun,11,10,89,8.9,0,90.90%,8.09,18.9,0,0,0,0,0,0,0,0,0,0,6,44
28,Mike Gesicki,TE,MIA,1.0,LVR,3,3,Sun,12,10,86,8.6,0,83.30%,7.17,18.6,0,0,0,0,0,0,0,0,0,0,28,31
29,Foster Moreau,TE,LVR,0.0,PHI,7,7,Sun,6,6,60,10.0,1,100.00%,10.0,18.0,0,0,0,0,0,0,0,0,0,1,33,22
30,Travis Kelce,TE,KAN,1.0,WAS,6,6,Sun,11,8,99,12.38,0,72.70%,9.0,17.9,0,0,0,0,0,0,0,0,0,1,31,13
31,Mark Andrews,TE,BAL,0.0,LAC,6,6,Sun,6,5,68,13.6,1,83.30%,11.33,17.8,0,0,0,0,0,0,0,0,0,1,34,6
32,Travis Kelce,TE,KAN,0.0,GNB,9,9,Sun,8,5,68,13.6,1,62.50%,8.5,17.8,0,0,0,0,0,0,0,0,0,1,13,7
33,Dalton Schultz,TE,DAL,0.0,CAR,4,4,Sun,8,6,58,9.67,1,75.00%,7.25,17.8,0,0,0,0,0,0,0,0,0,1,36,28
34,Travis Kelce,TE,KAN,0.0,BUF,5,5,Sun,10,6,57,9.5,1,60.00%,5.7,17.7,0,0,0,0,0,0,0,0,0,0,20,38
35,Maxx Williams,TE,ARI,1.0,LAR,4,4,Sun,5,5,66,13.2,1,100.00%,13.2,17.6,0,0,0,0,0,0,0,0,0,1,37,20
36,Juwan Johnson,TE,NOR,0.0,GNB,1,1,Sun,3,3,21,7.0,2,100.00%,7.0,17.1,0,0,0,0,0,0,0,0,0,1,38,3
37,George Kittle,TE,SFO,0.0,GNB,3,3,Sun,9,7,92,13.14,0,77.80%,10.22,17.1,0,0,0,0,0,1,9,0,0,0,28,30
38,O.J. Howard,TE,TAM,1.0,PHI,6,6,Thu,7,6,49,8.17,1,85.70%,7.0,16.9,0,0,0,0,0,0,0,0,0,1,28,22
39,Mike Gesicki,TE,MIA,0.0,IND,4,4,Sun,6,5,57,11.4,1,83.30%,9.5,16.7,0,0,0,0,0,0,0,0,0,0,17,27
40,Noah Fant,TE,DEN,0.0,BAL,4,4,Sun,10,6,46,7.67,1,60.00%,4.6,16.6,0,0,0,0,0,0,0,0,0,0,7,23
41,Dallas Goedert,TE,PHI,0.0,KAN,4,4,Sun,5,5,56,11.2,1,100.00%,11.2,16.6,0,0,0,0,0,0,0,0,1,0,30,42
42,Maxx Williams,TE,ARI,0.0,MIN,2,2,Sun,7,7,94,13.43,0,100.00%,13.43,16.4,0,0,0,0,0,0,0,0,0,1,34,33
43,Robert Tonyan,TE,GNB,0.0,WAS,7,7,Sun,5,4,63,15.75,1,80.00%,12.6,16.3,0,0,0,0,0,0,0,0,0,1,24,10
44,Darren Waller,TE,LVR,1.0,NYG,8,9,Sun,11,7,92,13.14,0,63.60%,8.36,16.2,0,0,0,0,0,0,0,0,0,0,16,23
45,Zach Ertz,TE,ARI,0.0,HOU,7,7,Sun,5,3,66,22.0,1,60.00%,13.2,16.0,0,0,0,0,0,1,4,0,0,1,31,5
46,Ricky Seals-Jones,TE,WAS,0.0,KAN,6,6,Sun,6,4,58,14.5,1,66.70%,9.67,15.8,0,0,0,0,0,0,0,0,0,0,13,31
47,T.J. Hockenson,TE,DET,0.0,CIN,6,6,Sun,11,8,74,9.25,0,72.70%,6.73,15.4,0,0,0,0,0,0,0,0,0,0,11,34
48,Zach Ertz,TE,PHI,1.0,DAL,3,3,Mon,7,4,53,13.25,1,57.10%,7.57,15.3,0,0,0,0,0,0,0,0,0,0,21,41
49,Tyler Higbee,TE,LAR,0.0,TAM,3,3,Sun,5,5,40,8.0,1,100.00%,8.0,15.0,0,0,0,0,0,0,0,0,1,1,34,24
50,Darren Waller,TE,LVR,1.0,LAC,4,4,Mon,7,4,50,12.5,1,57.10%,7.14,15.0,0,0,0,0,0,0,0,0,0,0,14,28
51,Dawson Knox,TE,BUF,0.0,WAS,3,3,Sun,5,4,49,12.25,1,80.00%,9.8,14.9,0,0,0,0,0,0,0,0,0,1,43,21
52,Dan Arnold,TE,JAX,1.0,SEA,7,8,Sun,10,8,68,8.5,0,80.00%,6.8,14.8,0,0,0,0,0,0,0,0,0,0,7,31
53,Cole Kmet,TE,CHI,1.0,PIT,9,9,Mon,8,6,87,14.5,0,75.00%,10.88,14.7,0,0,0,0,0,0,0,0,0,0,27,29
54,Pat Freiermuth,TE,PIT,1.0,CLE,7,8,Sun,7,4,44,11.0,1,57.10%,6.29,14.4,0,0,0,0,0,0,0,0,0,1,15,10
55,Dallas Goedert,TE,PHI,1.0,ATL,1,1,Sun,5,4,42,10.5,1,80.00%,8.4,14.2,0,0,0,0,0,0,0,0,0,1,32,6
56,Robert Tonyan,TE,GNB,0.0,DET,2,2,Mon,3,3,52,17.33,1,100.00%,17.33,14.2,0,0,0,0,0,0,0,0,0,1,35,17
57,Stephen Anderson,TE,LAC,1.0,PHI,8,9,Sun,4,4,39,9.75,1,100.00%,9.75,13.9,0,0,0,0,0,0,0,0,0,1,27,24
58,Dalton Schultz,TE,DAL,0.0,NYG,5,5,Sun,8,6,79,13.17,0,75.00%,9.88,13.9,0,0,0,0,0,0,0,0,0,1,44,20
59,Travis Kelce,TE,KAN,1.0,TEN,7,7,Sun,12,7,65,9.29,0,58.30%,5.42,13.5,0,0,0,0,0,0,0,0,0,0,3,27
60,Jack Doyle,TE,IND,0.0,LAR,2,2,Sun,8,5,64,12.8,0,62.50%,8.0,13.4,0,0,0,0,0,0,0,0,0,0,24,27
61,Noah Fant,TE,DEN,1.0,JAX,2,2,Sun,6,4,33,8.25,1,66.70%,5.5,13.3,0,0,0,0,0,0,0,0,0,1,23,13
62,Dallas Goedert,TE,PHI,1.0,DET,8,8,Sun,7,6,72,12.0,0,85.70%,10.29,13.2,0,0,0,0,0,0,0,0,0,1,44,6
63,Hunter Henry,TE,NWE,0.0,TAM,4,4,Sun,5,4,32,8.0,1,80.00%,6.4,13.2,0,0,0,0,0,0,0,0,0,0,17,19
64,Logan Thomas,TE,WAS,1.0,BUF,3,3,Sun,4,4,42,10.5,1,100.00%,10.5,13.2,0,0,0,0,0,0,0,0,1,0,21,43
65,Brevin Jordan,TE,HOU,0.0,LAR,8,8,Sun,4,3,41,13.67,1,75.00%,10.25,13.1,0,0,0,0,0,0,0,0,0,0,22,38
66,Hayden Hurst,TE,ATL,0.0,NYJ,5,5,Sun,5,4,40,10.0,1,80.00%,8.0,13.0,0,0,0,0,0,0,0,0,2,1,27,20
67,Zach Ertz,TE,PHI,0.0,TAM,6,6,Thu,6,4,29,7.25,1,66.70%,4.83,12.9,0,0,0,0,0,0,0,0,0,0,22,28
68,Donald Parham,TE,LAC,1.0,PHI,8,9,Sun,3,3,39,13.0,1,100.00%,13.0,12.9,0,0,0,0,0,0,0,0,0,1,27,24
69,Donald Parham,TE,LAC,0.0,CLE,5,5,Sun,2,2,29,14.5,1,100.00%,14.5,12.9,0,0,0,0,0,0,0,0,0,1,47,42
70,Dalton Schultz,TE,DAL,1.0,NWE,6,6,Sun,6,5,79,15.8,0,83.30%,13.17,12.9,0,0,0,0,0,0,0,0,0,1,35,29
71,Geoff Swaim,TE,TEN,1.0,LAR,9,9,Sun,4,4,29,7.25,1,100.00%,7.25,12.9,0,0,0,0,0,0,0,0,0,1,28,16
72,Evan Engram,TE,NYG,0.0,LVR,9,9,Sun,3,3,38,12.67,1,100.00%,12.67,12.8,0,0,0,0,0,0,0,0,0,1,23,16
73,Pat Freiermuth,TE,PIT,0.0,SEA,6,6,Sun,7,7,58,8.29,0,100.00%,8.29,12.8,0,0,0,0,0,0,0,0,0,1,23,20
74,Ryan Griffin,TE,NYJ,1.0,IND,8,9,Thu,7,4,28,7.0,1,57.10%,4.0,12.8,0,0,0,0,0,0,0,0,0,0,30,45
75,Jesse James,TE,CHI,0.0,SFO,8,8,Sun,3,3,38,12.67,1,100.00%,12.67,12.8,0,0,0,0,0,0,0,0,0,0,22,33
76,Jared Cook,TE,LAC,1.0,BAL,6,6,Sun,7,4,25,6.25,1,57.10%,3.57,12.5,0,0,0,0,0,0,0,0,0,0,6,34
77,Kyle Pitts,TE,ATL,1.0,TAM,2,2,Sun,6,5,73,14.6,0,83.30%,12.17,12.3,0,0,0,0,0,0,0,0,0,0,25,48
78,Geoff Swaim,TE,TEN,1.0,IND,8,8,Sun,5,4,23,5.75,1,80.00%,4.6,12.3,0,0,0,0,0,0,0,0,0,1,34,31
79,Noah Fant,TE,DEN,1.0,NYG,1,1,Sun,8,6,62,10.33,0,75.00%,7.75,12.2,0,0,0,0,0,0,0,0,0,1,27,13
80,Zach Ertz,TE,PHI,0.0,KAN,4,4,Sun,8,6,60,10.0,0,75.00%,7.5,12.0,0,0,0,0,0,0,0,0,0,0,30,42
81,Dallas Goedert,TE,PHI,1.0,LVR,7,7,Sun,5,3,70,23.33,0,60.00%,14.0,12.0,0,0,0,0,0,0,0,0,0,0,22,33
82,Logan Thomas,TE,WAS,0.0,LAC,1,1,Sun,3,3,30,10.0,1,100.00%,10.0,12.0,0,0,0,0,0,0,0,0,0,0,16,20
83,Tyler Higbee,TE,LAR,0.0,CHI,1,1,Sun,6,5,68,13.6,0,83.30%,11.33,11.8,0,0,0,0,0,0,0,0,0,1,34,14
84,George Kittle,TE,SFO,1.0,DET,1,1,Sun,5,4,78,19.5,0,80.00%,15.6,11.8,0,0,0,0,0,0,0,0,0,1,41,33
85,Mark Andrews,TE,BAL,1.0,DEN,4,4,Sun,8,5,67,13.4,0,62.50%,8.38,11.7,0,0,0,0,0,0,0,0,0,1,23,7
86,Mo Alie-Cox,TE,IND,1.0,SFO,7,7,Sun,3,3,25,8.33,1,100.00%,8.33,11.5,0,0,0,0,0,0,0,0,0,1,30,18
87,Darren Waller,TE,LVR,1.0,PIT,2,2,Sun,7,5,65,13.0,0,71.40%,9.29,11.5,0,0,0,0,0,0,0,0,0,1,26,17
88,Dan Arnold,TE,JAX,0.0,TEN,5,5,Sun,8,6,64,10.67,0,75.00%,8.0,11.4,0,0,0,0,0,0,0,0,1,0,19,37
89,Foster Moreau,TE,LVR,1.0,PIT,2,2,Sun,3,2,34,17.0,1,66.70%,11.33,11.4,0,0,0,0,0,0,0,0,0,1,26,17
90,Pat Freiermuth,TE,PIT,0.0,CIN,3,3,Sun,5,3,22,7.33,1,60.00%,4.4,11.2,0,0,0,0,0,0,0,0,0,0,10,24
91,Ricky Seals-Jones,TE,WAS,1.0,GNB,7,7,Sun,7,6,51,8.5,0,85.70%,7.29,11.1,0,0,0,0,0,0,0,0,0,0,10,24
92,Durham Smythe,TE,MIA,1.0,JAX,6,6,Sun,6,5,59,11.8,0,83.30%,9.83,10.9,0,0,0,0,0,0,0,0,0,0,20,23
93,Darren Waller,TE,LVR,1.0,DEN,6,6,Sun,5,5,59,11.8,0,100.00%,11.8,10.9,0,0,0,0,0,0,0,0,0,1,34,24
94,Jared Cook,TE,LAC,1.0,PHI,8,9,Sun,4,4,48,12.0,0,100.00%,12.0,10.8,0,0,0,0,0,0,0,0,0,1,27,24
95,T.J. Hockenson,TE,DET,1.0,LAR,7,7,Sun,9,6,48,8.0,0,66.70%,5.33,10.8,0,0,0,0,0,0,0,0,0,0,19,28
96,James O'Shaughnessy,TE,JAX,1.0,HOU,1,1,Sun,8,6,48,8.0,0,75.00%,6.0,10.8,0,0,0,0,0,0,0,0,0,0,21,37
97,Mark Andrews,TE,BAL,0.0,KAN,2,2,Sun,5,5,57,11.4,0,100.00%,11.4,10.7,0,0,0,0,0,0,0,0,0,1,36,35
98,Pharaoh Brown,TE,HOU,0.0,JAX,1,1,Sun,5,4,67,16.75,0,80.00%,13.4,10.7,0,0,0,0,0,0,0,0,0,1,37,21
99,Tyler Conklin,TE,MIN,0.0,DAL,7,8,Sun,7,5,57,11.4,0,71.40%,8.14,10.7,0,0,0,0,0,0,0,0,0,0,16,20
100,MyCole Pruitt,TE,TEN,0.0,KAN,7,7,Sun,3,2,27,13.5,1,66.70%,9.0,10.7,0,0,0,0,0,0,0,0,0,1,27,3
101,Tommy Tremble,TE,CAR,1.0,HOU,3,3,Thu,1,1,30,30.0,0,100.00%,30.0,10.7,0,0,0,0,0,1,7,1,0,1,24,9
102,Jared Cook,TE,LAC,1.0,WAS,1,1,Sun,8,5,56,11.2,0,62.50%,7.0,10.6,0,0,0,0,0,0,0,0,0,1,20,16
103,David Njoku,TE,CLE,1.0,KAN,1,1,Sun,5,3,76,25.33,0,60.00%,15.2,10.6,0,0,0,0,0,0,0,0,0,0,29,33
104,Evan Engram,TE,NYG,1.0,KAN,8,8,Mon,4,3,15,5.0,1,75.00%,3.75,10.5,0,0,0,0,0,0,0,0,0,0,17,20
105,Hunter Henry,TE,NWE,0.0,DAL,6,6,Sun,2,2,25,12.5,1,100.00%,12.5,10.5,0,0,0,0,0,0,0,0,0,0,29,35
106,Dalton Schultz,TE,DAL,1.0,TAM,1,1,Thu,6,6,45,7.5,0,100.00%,7.5,10.5,0,0,0,0,0,0,0,0,0,0,29,31
107,C.J. Uzomah,TE,CIN,1.0,DET,6,6,Sun,3,3,15,5.0,1,100.00%,5.0,10.5,0,0,0,0,0,0,0,0,0,1,34,11
108,Evan Engram,TE,NYG,0.0,CAR,7,7,Sun,8,6,44,7.33,0,75.00%,5.5,10.4,0,0,0,0,0,0,0,0,0,1,25,3
109,Gerald Everett,TE,SEA,1.0,MIN,3,3,Sun,5,5,54,10.8,0,100.00%,10.8,10.4,0,0,0,0,0,0,0,0,0,0,17,30
110,Jonnu Smith,TE,NWE,0.0,TAM,4,4,Sun,5,3,14,4.67,1,60.00%,2.8,10.4,0,0,0,0,0,0,0,0,0,0,17,19
111,Darren Waller,TE,LVR,0.0,MIA,3,3,Sun,7,5,54,10.8,0,71.40%,7.71,10.4,0,0,0,0,0,0,0,0,0,1,31,28
112,Jordan Akins,TE,HOU,0.0,LAR,8,8,Sun,5,5,53,10.6,0,100.00%,10.6,10.3,0,0,0,0,0,0,0,0,0,0,22,38
113,Hunter Henry,TE,NWE,0.0,NYJ,7,7,Sun,4,2,23,11.5,1,50.00%,5.75,10.3,0,0,0,0,0,0,0,0,0,1,54,13
114,Tyler Conklin,TE,MIN,1.0,CAR,6,6,Sun,5,3,71,23.67,0,60.00%,14.2,10.1,0,0,0,0,0,0,0,0,0,1,34,28
115,Tyler Higbee,TE,LAR,0.0,TEN,9,9,Sun,10,5,51,10.2,0,50.00%,5.1,10.1,0,0,0,0,0,0,0,0,0,0,16,28
116,Dan Arnold,TE,JAX,0.0,BUF,8,9,Sun,7,4,60,15.0,0,57.10%,8.57,10.0,0,0,0,0,0,0,0,0,0,1,9,6
117,Gerald Everett,TE,SEA,1.0,IND,1,1,Sun,2,2,20,10.0,1,100.00%,10.0,10.0,0,0,0,0,0,0,0,0,0,1,28,16
118,Juwan Johnson,TE,NOR,0.0,NYG,4,4,Sun,3,2,20,10.0,1,66.70%,6.67,10.0,0,0,0,0,0,0,0,0,0,0,21,27
119,Tyler Kroft,TE,NYJ,0.0,CIN,7,8,Sun,2,2,20,10.0,1,100.00%,10.0,10.0,0,0,0,0,0,0,0,0,0,1,34,31
120,Hunter Henry,TE,NWE,1.0,CAR,9,9,Sun,3,2,19,9.5,1,66.70%,6.33,9.9,0,0,0,0,0,0,0,0,0,1,24,6
121,Austin Hooper,TE,CLE,0.0,CHI,3,3,Sun,3,2,19,9.5,1,66.70%,6.33,9.9,0,0,0,0,0,0,0,0,0,1,26,6
122,Mo Alie-Cox,TE,IND,0.0,HOU,6,6,Sun,3,1,28,28.0,1,33.30%,9.33,9.8,0,0,0,0,0,0,0,0,0,1,31,3
123,Mike Gesicki,TE,MIA,1.0,BUF,8,8,Sun,4,3,48,16.0,0,75.00%,12.0,9.8,0,0,0,0,0,0,0,0,0,0,11,26
124,Jonnu Smith,TE,NWE,0.0,MIA,1,1,Sun,5,5,42,8.4,0,100.00%,8.4,9.8,0,0,0,0,0,1,6,0,1,0,16,17
125,Dawson Knox,TE,BUF,1.0,MIA,2,2,Sun,3,2,17,8.5,1,66.70%,5.67,9.7,0,0,0,0,0,0,0,0,0,1,35,0
126,Donald Parham,TE,LAC,0.0,LVR,4,4,Mon,3,2,17,8.5,1,66.70%,5.67,9.7,0,0,0,0,0,0,0,0,0,1,28,14
127,Lee Smith,TE,ATL,1.0,NYG,3,3,Sun,3,3,7,2.33,1,100.00%,2.33,9.7,0,0,0,0,0,0,0,0,0,1,17,14
128,Tyler Higbee,TE,LAR,0.0,DET,7,7,Sun,8,5,46,9.2,0,62.50%,5.75,9.6,0,0,0,0,0,0,0,0,0,1,28,19
129,Albert Okwuegbunam,TE,DEN,1.0,NYG,1,1,Sun,3,3,16,5.33,1,100.00%,5.33,9.6,0,0,0,0,0,0,0,0,1,1,27,13
130,Tyler Conklin,TE,MIN,1.0,BAL,8,9,Sun,7,5,45,9.0,0,71.40%,6.43,9.5,0,0,0,0,0,0,0,0,0,0,31,34
131,Evan Engram,TE,NYG,1.0,DAL,5,5,Sun,4,4,55,13.75,0,100.00%,13.75,9.5,0,0,0,0,0,0,0,0,0,0,20,44
132,Rob Gronkowski,TE,TAM,1.0,LAR,3,3,Sun,8,4,55,13.75,0,50.00%,6.88,9.5,0,0,0,0,0,0,0,0,0,0,24,34
133,Logan Thomas,TE,WAS,0.0,NYG,2,2,Thu,7,5,45,9.0,0,71.40%,6.43,9.5,0,0,0,0,0,0,0,0,0,1,30,29
134,Mark Andrews,TE,BAL,0.0,MIN,8,9,Sun,10,5,44,8.8,0,50.00%,4.4,9.4,0,0,0,0,0,0,0,0,0,1,34,31
135,Mike Gesicki,TE,MIA,0.0,HOU,9,9,Sun,8,4,54,13.5,0,50.00%,6.75,9.4,0,0,0,0,0,0,0,0,0,1,17,9
136,Tyler Higbee,TE,LAR,1.0,SEA,5,5,Thu,2,2,14,7.0,1,100.00%,7.0,9.4,0,0,0,0,0,0,0,0,0,1,26,17
137,Dalton Schultz,TE,DAL,0.0,DEN,8,9,Sun,5,4,54,13.5,0,80.00%,10.8,9.4,0,0,0,0,0,0,0,0,0,0,16,30
138,Cole Kmet,TE,CHI,1.0,TAM,7,7,Sun,6,5,43,8.6,0,83.30%,7.17,9.3,0,0,0,0,0,0,0,0,0,0,3,38
139,Jack Doyle,TE,IND,0.0,TEN,8,8,Sun,2,2,12,6.0,1,100.00%,6.0,9.2,0,0,0,0,0,0,0,0,0,0,31,34
140,Cole Kmet,TE,CHI,1.0,LAR,1,1,Sun,7,5,42,8.4,0,71.40%,6.0,9.2,0,0,0,0,0,0,0,0,0,0,14,34
141,Chris Manhertz,TE,JAX,1.0,HOU,1,1,Sun,1,1,22,22.0,1,100.00%,22.0,9.2,0,0,0,0,0,0,0,0,0,0,21,37
142,Kyle Pitts,TE,ATL,1.0,NOR,8,9,Sun,7,3,62,20.67,0,42.90%,8.86,9.2,0,0,0,0,0,0,0,0,0,1,27,25
143,Kyle Rudolph,TE,NYG,1.0,KAN,8,8,Mon,3,2,12,6.0,1,66.70%,4.0,9.2,0,0,0,0,0,0,0,0,0,0,17,20
144,Tommy Tremble,TE,CAR,0.0,PHI,5,5,Sun,4,2,12,6.0,1,50.00%,3.0,9.2,0,0,0,0,0,0,0,0,0,0,18,21
145,Ross Dwelley,TE,SFO,0.0,SEA,4,4,Sun,1,1,21,21.0,1,100.00%,21.0,9.1,0,0,0,0,0,0,0,0,0,0,21,28
146,Eric Ebron,TE,PIT,0.0,SEA,6,6,Sun,2,2,10,5.0,0,100.00%,5.0,9.1,0,0,0,0,0,1,1,1,0,1,23,20
147,Ricky Seals-Jones,TE,WAS,0.0,NOR,5,5,Sun,9,5,41,8.2,0,55.60%,4.56,9.1,0,0,0,0,0,0,0,0,0,0,22,33
148,Austin Hooper,TE,CLE,0.0,HOU,2,2,Sun,5,5,40,8.0,0,100.00%,8.0,9.0,0,0,0,0,0,0,0,0,0,1,31,21
149,Kyle Pitts,TE,ATL,0.0,WAS,4,4,Sun,9,4,50,12.5,0,44.40%,5.56,9.0,0,0,0,0,0,0,0,0,0,0,30,34
150,Harrison Bryant,TE,CLE,0.0,HOU,2,2,Sun,4,4,49,12.25,0,100.00%,12.25,8.9,0,0,0,0,0,0,0,0,0,1,31,21
151,Noah Fant,TE,DEN,1.0,CLE,7,7,Thu,7,5,39,7.8,0,71.40%,5.57,8.9,0,0,0,0,0,0,0,0,0,0,14,17
152,Cole Kmet,TE,CHI,0.0,GNB,6,6,Sun,5,4,49,12.25,0,80.00%,9.8,8.9,0,0,0,0,0,1,0,0,0,0,14,24
153,Ricky Seals-Jones,TE,WAS,0.0,NYG,2,2,Thu,1,1,19,19.0,1,100.00%,19.0,8.9,0,0,0,0,0,0,0,0,0,1,30,29
154,Will Dissly,TE,SEA,1.0,PIT,6,6,Sun,2,2,8,4.0,1,100.00%,4.0,8.8,0,0,0,0,0,0,0,0,0,0,20,23
155,Blake Jarwin,TE,DAL,0.0,CAR,4,4,Sun,3,1,18,18.0,1,33.30%,6.0,8.8,0,0,0,0,0,0,0,0,0,1,36,28
156,David Njoku,TE,CLE,1.0,CIN,9,9,Sun,3,1,18,18.0,1,33.30%,6.0,8.8,0,0,0,0,0,0,0,0,0,1,41,16
157,Joe Fortson,TE,KAN,0.0,LAC,3,3,Sun,2,2,7,3.5,1,100.00%,3.5,8.7,0,0,0,0,0,0,0,0,0,0,24,30
158,Adam Trautman,TE,NOR,0.0,ATL,8,9,Sun,7,4,47,11.75,0,57.10%,6.71,8.7,0,0,0,0,0,0,0,0,0,0,25,27
159,Dallas Goedert,TE,PHI,1.0,DAL,3,3,Mon,4,2,66,33.0,0,50.00%,16.5,8.6,0,0,0,0,0,0,0,0,0,0,21,41
160,Hunter Henry,TE,NWE,0.0,NOR,3,3,Sun,6,5,36,7.2,0,83.30%,6.0,8.6,0,0,0,0,0,0,0,0,0,0,13,28
161,Tyler Higbee,TE,LAR,1.0,NYG,6,6,Sun,5,5,36,7.2,0,100.00%,7.2,8.6,0,0,0,0,0,0,0,0,0,1,38,11
162,Dan Arnold,TE,CAR,0.0,NOR,2,2,Sun,4,3,55,18.33,0,75.00%,13.75,8.5,0,0,0,0,0,0,0,0,0,1,26,7
163,Darren Waller,TE,LVR,0.0,CHI,5,5,Sun,8,4,45,11.25,0,50.00%,5.63,8.5,0,0,0,0,0,0,0,0,0,0,9,20
164,MyCole Pruitt,TE,TEN,1.0,JAX,5,5,Sun,1,1,14,14.0,1,100.00%,14.0,8.4,0,0,0,0,0,0,0,0,0,1,37,19
165,Mike Gesicki,TE,MIA,1.0,TAM,5,5,Sun,7,4,43,10.75,0,57.10%,6.14,8.3,0,0,0,0,0,0,0,0,0,0,17,45
166,Zach Ertz,TE,ARI,0.0,GNB,8,8,Thu,4,4,42,10.5,0,100.00%,10.5,8.2,0,0,0,0,0,0,0,0,0,0,21,24
167,T.J. Hockenson,TE,DET,1.0,CHI,4,4,Sun,8,4,42,10.5,0,50.00%,5.25,8.2,0,0,0,0,0,0,0,0,0,0,14,24
168,Jordan Akins,TE,HOU,1.0,IND,6,6,Sun,6,4,41,10.25,0,66.70%,6.83,8.1,0,0,0,0,0,0,0,0,0,0,3,31
169,Antony Auclair,TE,HOU,0.0,NWE,5,5,Sun,1,1,11,11.0,1,100.00%,11.0,8.1,0,0,0,0,0,0,0,0,0,0,22,25
170,Tyler Conklin,TE,MIN,1.0,CIN,1,1,Sun,4,4,41,10.25,0,100.00%,10.25,8.1,0,0,0,0,0,0,0,0,0,0,24,27
171,Dawson Knox,TE,BUF,0.0,PIT,1,1,Sun,4,4,41,10.25,0,100.00%,10.25,8.1,0,0,0,0,0,0,0,0,0,0,16,23
172,Mo Alie-Cox,TE,IND,1.0,BAL,5,5,Mon,4,3,50,16.67,0,75.00%,12.5,8.0,0,0,0,0,0,0,0,0,0,0,25,31
173,George Kittle,TE,SFO,0.0,SEA,4,4,Sun,10,4,40,10.0,0,40.00%,4.0,8.0,0,0,0,0,0,0,0,0,0,0,21,28
174,Ian Thomas,TE,CAR,0.0,PHI,5,5,Sun,5,4,40,10.0,0,80.00%,8.0,8.0,0,0,0,0,0,0,0,0,0,0,18,21
175,Robert Tonyan,TE,GNB,1.0,ARI,8,8,Thu,4,3,49,16.33,0,75.00%,12.25,7.9,0,0,0,0,0,0,0,0,0,1,24,21
176,Mark Andrews,TE,BAL,0.0,CIN,7,7,Sun,7,3,48,16.0,0,42.90%,6.86,7.8,0,0,0,0,0,0,0,0,1,0,17,41
177,Jonnu Smith,TE,NWE,0.0,NYJ,7,7,Sun,5,2,52,26.0,0,40.00%,10.4,7.7,0,0,0,0,0,1,5,0,0,1,54,13
178,Pat Freiermuth,TE,PIT,0.0,LVR,2,2,Sun,4,4,36,9.0,0,100.00%,9.0,7.6,0,0,0,0,0,0,0,0,0,0,17,26
179,Tyler Higbee,TE,LAR,0.0,ARI,4,4,Sun,6,4,36,9.0,0,66.70%,6.0,7.6,0,0,0,0,0,0,0,0,0,0,20,37
180,Cameron Brate,TE,TAM,1.0,LAR,3,3,Sun,5,4,35,8.75,0,80.00%,7.0,7.5,0,0,0,0,0,0,0,0,0,0,24,34
181,Dawson Knox,TE,BUF,1.0,TEN,6,6,Mon,3,3,25,8.33,0,100.00%,8.33,7.5,0,0,0,0,0,0,0,0,0,0,31,34
182,Evan Engram,TE,NYG,1.0,NOR,4,4,Sun,6,5,27,5.4,0,83.30%,4.5,7.4,0,0,0,0,0,1,-3,0,0,1,27,21
183,Dallas Goedert,TE,PHI,0.0,LAC,9,9,Sun,6,3,43,14.33,0,50.00%,7.17,7.3,0,0,0,0,0,0,0,0,0,0,24,27
184,MyCole Pruitt,TE,TEN,1.0,SEA,2,2,Sun,3,3,43,14.33,0,100.00%,14.33,7.3,0,0,0,0,0,0,0,0,0,1,33,30
185,C.J. Uzomah,TE,CIN,1.0,NYJ,8,8,Sun,4,4,33,8.25,0,100.00%,8.25,7.3,0,0,0,0,0,0,0,0,0,0,31,34
186,Jordan Akins,TE,HOU,0.0,CAR,3,3,Thu,5,4,32,8.0,0,80.00%,6.4,7.2,0,0,0,0,0,0,0,0,0,0,9,24
187,Joe Fortson,TE,KAN,1.0,PHI,4,4,Sun,1,1,2,2.0,1,100.00%,2.0,7.2,0,0,0,0,0,0,0,0,0,1,42,30
188,Chris Herndon,TE,MIN,1.0,CAR,6,6,Sun,1,1,2,2.0,1,100.00%,2.0,7.2,0,0,0,0,0,0,0,0,0,1,34,28
189,Jesper Horsted,TE,CHI,1.0,LVR,5,5,Sun,1,1,2,2.0,1,100.00%,2.0,7.2,0,0,0,0,0,0,0,0,0,1,20,9
190,Jack Doyle,TE,IND,0.0,NYJ,9,9,Thu,2,1,1,1.0,1,50.00%,0.5,7.1,0,0,0,0,0,0,0,0,0,1,45,30
191,Mike Gesicki,TE,MIA,0.0,BUF,2,2,Sun,6,3,41,13.67,0,50.00%,6.83,7.1,0,0,0,0,0,0,0,0,0,0,0,35
192,Jacob Hollister,TE,JAX,0.0,TEN,5,5,Sun,1,1,1,1.0,1,100.00%,1.0,7.1,0,0,0,0,0,0,0,0,0,0,19,37
193,Blake Jarwin,TE,DAL,1.0,NWE,6,6,Sun,2,1,1,1.0,1,50.00%,0.5,7.1,0,0,0,0,0,0,0,0,0,1,35,29
194,Kyle Pitts,TE,ATL,0.0,PHI,1,1,Sun,8,4,31,7.75,0,50.00%,3.88,7.1,0,0,0,0,0,0,0,0,0,0,6,32
195,Tommy Sweeney,TE,BUF,1.0,TEN,6,6,Mon,1,1,1,1.0,1,100.00%,1.0,7.1,0,0,0,0,0,0,0,0,0,0,31,34
196,Zach Gentry,TE,PIT,1.0,CLE,7,8,Sun,5,3,39,13.0,0,60.00%,7.8,6.9,0,0,0,0,0,0,0,0,0,1,15,10
197,Hayden Hurst,TE,ATL,0.0,WAS,4,4,Sun,4,4,29,7.25,0,100.00%,7.25,6.9,0,0,0,0,0,0,0,0,1,0,30,34
198,David Njoku,TE,CLE,0.0,PIT,8,8,Sun,3,3,39,13.0,0,100.00%,13.0,6.9,0,0,0,0,0,0,0,0,0,0,10,15
199,Hayden Hurst,TE,ATL,0.0,PHI,1,1,Sun,4,4,28,7.0,0,100.00%,7.0,6.8,0,0,0,0,0,0,0,0,0,0,6,32
200,Jonnu Smith,TE,NWE,1.0,NYJ,2,2,Sun,5,4,28,7.0,0,80.00%,5.6,6.8,0,0,0,0,0,0,0,0,0,1,25,6
201,Will Dissly,TE,SEA,1.0,IND,1,1,Sun,3,3,37,12.33,0,100.00%,12.33,6.7,0,0,0,0,0,0,0,0,0,1,28,16
202,Blake Jarwin,TE,DAL,1.0,LAC,2,2,Sun,4,3,37,12.33,0,75.00%,9.25,6.7,0,0,0,0,0,0,0,0,0,1,20,17
203,Durham Smythe,TE,MIA,0.0,ATL,7,7,Sun,4,3,37,12.33,0,75.00%,9.25,6.7,0,0,0,0,0,0,0,0,0,0,28,30
204,Austin Hooper,TE,CLE,0.0,PIT,8,8,Sun,6,4,26,6.5,0,66.70%,4.33,6.6,0,0,0,0,0,0,0,0,0,0,10,15
205,Drew Sample,TE,CIN,0.0,CLE,9,9,Sun,3,3,36,12.0,0,100.00%,12.0,6.6,0,0,0,0,0,0,0,0,0,0,16,41
206,Hayden Hurst,TE,ATL,1.0,MIA,6,7,Sun,4,3,35,11.67,0,75.00%,8.75,6.5,0,0,0,0,0,0,0,0,0,1,30,28
207,Albert Okwuegbunam,TE,DEN,1.0,DAL,9,9,Sun,5,4,25,6.25,0,80.00%,5.0,6.5,0,0,0,0,0,0,0,0,0,1,30,16
208,Albert Okwuegbunam,TE,DEN,1.0,JAX,2,2,Sun,4,4,24,6.0,0,100.00%,6.0,6.4,0,0,0,0,0,0,0,0,0,1,23,13
209,Albert Okwuegbunam,TE,DEN,0.0,WAS,8,8,Sun,3,3,34,11.33,0,100.00%,11.33,6.4,0,0,0,0,0,0,0,0,0,1,17,10
210,C.J. Uzomah,TE,CIN,0.0,CLE,9,9,Sun,5,4,24,6.0,0,80.00%,4.8,6.4,0,0,0,0,0,0,0,0,0,0,16,41
211,Anthony Firkser,TE,TEN,1.0,JAX,5,5,Sun,4,3,33,11.0,0,75.00%,8.25,6.3,0,0,0,0,0,0,0,0,0,1,37,19
212,Travis Kelce,TE,KAN,1.0,PHI,4,4,Sun,6,4,23,5.75,0,66.70%,3.83,6.3,0,0,0,0,0,0,0,0,0,1,42,30
213,Adam Shaheen,TE,MIA,0.0,ATL,7,7,Sun,5,4,23,5.75,0,80.00%,4.6,6.3,0,0,0,0,0,0,0,0,0,0,28,30
214,Adam Trautman,TE,NOR,1.0,WAS,5,5,Sun,2,2,43,21.5,0,100.00%,21.5,6.3,0,0,0,0,0,0,0,0,0,1,33,22
215,Hunter Henry,TE,NWE,1.0,NYJ,2,2,Sun,4,2,42,21.0,0,50.00%,10.5,6.2,0,0,0,0,0,0,0,0,0,1,25,6
216,Austin Hooper,TE,CLE,0.0,DEN,7,7,Thu,3,2,42,21.0,0,66.70%,14.0,6.2,0,0,0,0,0,0,0,0,0,1,17,14
217,Hunter Henry,TE,NWE,0.0,MIA,1,1,Sun,3,3,31,10.33,0,100.00%,10.33,6.1,0,0,0,0,0,0,0,0,0,0,16,17
218,Marcedes Lewis,TE,GNB,0.0,WAS,7,7,Sun,3,3,31,10.33,0,100.00%,10.33,6.1,0,0,0,0,0,0,0,0,0,1,24,10
219,Gerald Everett,TE,SEA,1.0,PIT,6,6,Sun,3,2,40,20.0,0,66.70%,13.33,6.0,0,0,0,0,0,0,0,0,0,0,20,23
220,Garrett Griffin,TE,NOR,0.0,TAM,7,8,Sun,3,3,30,10.0,0,100.00%,10.0,6.0,0,0,0,0,0,0,0,0,0,1,36,27
221,Kyle Rudolph,TE,NYG,0.0,LVR,9,9,Sun,5,4,20,5.0,0,80.00%,4.0,6.0,0,0,0,0,0,0,0,0,0,1,23,16
222,Lee Smith,TE,ATL,0.0,NYJ,5,5,Sun,3,3,30,10.0,0,100.00%,10.0,6.0,0,0,0,0,0,0,0,0,0,1,27,20
223,Tommy Sweeney,TE,BUF,0.0,MIA,7,8,Sun,4,3,30,10.0,0,75.00%,7.5,6.0,0,0,0,0,0,0,0,0,0,1,26,11
224,Tyler Conklin,TE,MIN,0.0,CLE,4,4,Sun,6,4,18,4.5,0,66.70%,3.0,5.8,0,0,0,0,0,0,0,0,0,0,7,14
225,Jared Cook,TE,LAC,0.0,DAL,2,2,Sun,5,3,28,9.33,0,60.00%,5.6,5.8,0,0,0,0,0,0,0,0,0,0,17,20
226,Tyler Kroft,TE,NYJ,1.0,IND,8,9,Thu,3,2,38,19.0,0,66.70%,12.67,5.8,0,0,0,0,0,0,0,0,0,0,30,45
227,Zach Ertz,TE,ARI,1.0,SFO,9,9,Sun,5,3,27,9.0,0,60.00%,5.4,5.7,0,0,0,0,0,0,0,0,0,1,31,17
228,Austin Hooper,TE,CLE,1.0,KAN,1,1,Sun,3,3,27,9.0,0,100.00%,9.0,5.7,0,0,0,0,0,0,0,0,0,0,29,33
229,Travis Kelce,TE,KAN,0.0,NYG,8,8,Mon,6,4,27,6.75,0,66.70%,4.5,5.7,0,0,0,0,0,0,0,0,1,1,20,17
230,George Kittle,TE,SFO,1.0,PHI,2,2,Sun,4,4,17,4.25,0,100.00%,4.25,5.7,0,0,0,0,0,0,0,0,1,1,17,11
231,Geoff Swaim,TE,TEN,0.0,IND,3,3,Sun,4,3,27,9.0,0,75.00%,6.75,5.7,0,0,0,0,0,0,0,0,0,1,25,16
232,Cameron Brate,TE,TAM,1.0,PHI,6,6,Thu,4,3,26,8.67,0,75.00%,6.5,5.6,0,0,0,0,0,0,0,0,0,1,28,22
233,Tyler Kroft,TE,NYJ,1.0,CAR,1,1,Sun,5,3,26,8.67,0,60.00%,5.2,5.6,0,0,0,0,0,0,0,0,0,0,14,19
234,Adam Trautman,TE,NOR,1.0,SEA,6,7,Mon,3,3,36,12.0,0,100.00%,12.0,5.6,0,0,0,0,0,0,0,0,1,1,13,10
235,Darren Fells,TE,DET,0.0,BAL,3,3,Sun,3,2,35,17.5,0,66.70%,11.67,5.5,0,0,0,0,0,0,0,0,0,0,17,19
236,Tyler Higbee,TE,LAR,1.0,HOU,8,8,Sun,3,3,25,8.33,0,100.00%,8.33,5.5,0,0,0,0,0,0,0,0,0,1,38,22
237,Kyle Pitts,TE,ATL,1.0,NYG,3,3,Sun,3,2,35,17.5,0,66.70%,11.67,5.5,0,0,0,0,0,0,0,0,0,1,17,14
238,C.J. Uzomah,TE,CIN,0.0,MIN,1,1,Sun,2,2,35,17.5,0,100.00%,17.5,5.5,0,0,0,0,0,0,0,0,0,1,27,24
239,Evan Engram,TE,NYG,0.0,LAR,6,6,Sun,5,3,24,8.0,0,60.00%,4.8,5.4,0,0,0,0,0,0,0,0,0,0,11,38
240,Zach Ertz,TE,PHI,1.0,ATL,1,1,Sun,2,2,34,17.0,0,100.00%,17.0,5.4,0,0,0,0,0,0,0,0,0,1,32,6
241,Cole Kmet,TE,CHI,0.0,SFO,8,8,Sun,6,3,24,8.0,0,50.00%,4.0,5.4,0,0,0,0,0,0,0,0,0,0,22,33
242,Marcedes Lewis,TE,GNB,1.0,CIN,5,5,Sun,2,2,34,17.0,0,100.00%,17.0,5.4,0,0,0,0,0,0,0,0,0,1,25,22
243,Harrison Bryant,TE,CLE,0.0,PIT,8,8,Sun,2,2,33,16.5,0,100.00%,16.5,5.3,0,0,0,0,0,0,0,0,0,0,10,15
244,Gerald Everett,TE,SEA,0.0,NOR,7,7,Mon,3,3,11,3.67,0,100.00%,3.67,5.3,0,0,0,0,0,1,12,0,0,0,10,13
245,Anthony Firkser,TE,TEN,1.0,NYJ,4,4,Sun,5,3,23,7.67,0,60.00%,4.6,5.3,0,0,0,0,0,0,0,0,0,0,24,27
246,Eric Saubert,TE,DEN,0.0,LVR,6,6,Sun,5,3,23,7.67,0,60.00%,4.6,5.3,0,0,0,0,0,0,0,0,0,0,24,34
247,Ryan Griffin,TE,NYJ,1.0,CAR,1,1,Sun,6,3,22,7.33,0,50.00%,3.67,5.2,0,0,0,0,0,0,0,0,0,0,14,19
248,Jonnu Smith,TE,NWE,1.0,HOU,5,5,Sun,2,2,27,13.5,0,100.00%,13.5,5.2,0,0,0,0,0,1,5,0,0,1,25,22
249,Jack Doyle,TE,IND,0.0,SEA,1,1,Sun,4,3,21,7.0,0,75.00%,5.25,5.1,0,0,0,0,0,0,0,0,0,0,16,28
250,Ian Thomas,TE,CAR,0.0,MIN,6,6,Sun,2,1,41,41.0,0,50.00%,20.5,5.1,0,0,0,0,0,0,0,0,0,0,28,34
251,Mark Andrews,TE,BAL,1.0,LVR,1,1,Mon,5,3,20,6.67,0,60.00%,4.0,5.0,0,0,0,0,0,0,0,0,0,0,27,33
252,Noah Fant,TE,DEN,1.0,PIT,5,5,Sun,4,3,20,6.67,0,75.00%,5.0,5.0,0,0,0,0,0,0,0,0,0,0,19,27
253,Jesse James,TE,CHI,1.0,TAM,7,7,Sun,3,3,20,6.67,0,100.00%,6.67,5.0,0,0,0,0,0,0,0,0,0,0,3,38
254,Blake Jarwin,TE,DAL,1.0,TAM,1,1,Thu,3,3,20,6.67,0,100.00%,6.67,5.0,0,0,0,0,0,0,0,0,0,0,29,31
255,Charlie Woerner,TE,SFO,0.0,IND,6,7,Sun,2,2,30,15.0,0,100.00%,15.0,5.0,0,0,0,0,0,0,0,0,0,0,18,30
256,Dan Arnold,TE,JAX,1.0,CIN,4,4,Thu,2,2,29,14.5,0,100.00%,14.5,4.9,0,0,0,0,0,0,0,0,0,0,21,24
257,Cameron Brate,TE,TAM,1.0,NWE,4,4,Sun,6,2,29,14.5,0,33.30%,4.83,4.9,0,0,0,0,0,0,0,0,0,1,19,17
258,Will Dissly,TE,SEA,1.0,MIN,3,3,Sun,1,1,39,39.0,0,100.00%,39.0,4.9,0,0,0,0,0,0,0,0,0,0,17,30
259,Will Dissly,TE,SEA,0.0,LAR,5,5,Thu,4,2,29,14.5,0,50.00%,7.25,4.9,0,0,0,0,0,0,0,0,0,0,17,26
260,Anthony Firkser,TE,TEN,0.0,ARI,1,1,Sun,4,3,19,6.33,0,75.00%,4.75,4.9,0,0,0,0,0,0,0,0,0,0,13,38
261,Josh Oliver,TE,BAL,0.0,CIN,7,7,Sun,5,2,29,14.5,0,40.00%,5.8,4.9,0,0,0,0,0,0,0,0,0,0,17,41
262,Maxx Williams,TE,ARI,1.0,JAX,3,3,Sun,3,3,19,6.33,0,100.00%,6.33,4.9,0,0,0,0,0,0,0,0,0,1,31,19
263,Dallas Goedert,TE,PHI,1.0,CAR,5,5,Sun,3,2,28,14.0,0,66.70%,9.33,4.8,0,0,0,0,0,0,0,0,0,1,21,18
264,Adam Trautman,TE,NOR,0.0,GNB,1,1,Sun,6,3,18,6.0,0,50.00%,3.0,4.8,0,0,0,0,0,0,0,0,0,1,38,3
265,Tommy Tremble,TE,CAR,1.0,ATL,8,8,Sun,4,3,18,6.0,0,75.00%,4.5,4.8,0,0,0,0,0,0,0,0,0,1,19,13
266,Dan Arnold,TE,JAX,0.0,MIA,6,6,Sun,5,2,27,13.5,0,40.00%,5.4,4.7,0,0,0,0,0,0,0,0,0,1,23,20
267,Jared Cook,TE,LAC,1.0,KAN,3,3,Sun,3,2,27,13.5,0,66.70%,9.0,4.7,0,0,0,0,0,0,0,0,0,1,30,24
268,Durham Smythe,TE,MIA,0.0,HOU,9,9,Sun,2,2,27,13.5,0,100.00%,13.5,4.7,0,0,0,0,0,0,0,0,0,1,17,9
269,Harrison Bryant,TE,CLE,1.0,CIN,9,9,Sun,2,2,26,13.0,0,100.00%,13.0,4.6,0,0,0,0,0,0,0,0,0,1,41,16
270,Tyler Conklin,TE,MIN,0.0,DET,5,5,Sun,3,2,25,12.5,0,66.70%,8.33,4.5,0,0,0,0,0,0,0,0,0,1,19,17
271,Jared Cook,TE,LAC,0.0,NWE,7,8,Sun,5,2,25,12.5,0,40.00%,5.0,4.5,0,0,0,0,0,0,0,0,0,0,24,27
272,Ross Dwelley,TE,SFO,1.0,ARI,5,5,Sun,2,2,25,12.5,0,100.00%,12.5,4.5,0,0,0,0,0,0,0,0,0,0,10,17
273,Kyle Rudolph,TE,NYG,1.0,WAS,2,2,Thu,2,2,25,12.5,0,100.00%,12.5,4.5,0,0,0,0,0,0,0,0,0,0,29,30
274,Ian Thomas,TE,CAR,1.0,DAL,4,4,Sun,3,3,15,5.0,0,100.00%,5.0,4.5,0,0,0,0,0,0,0,0,0,0,28,36
275,Stephen Anderson,TE,LAC,0.0,LVR,4,4,Mon,1,1,34,34.0,0,100.00%,34.0,4.4,0,0,0,0,0,0,0,0,0,1,28,14
276,Dallas Goedert,TE,PHI,0.0,SFO,2,2,Sun,2,2,24,12.0,0,100.00%,12.0,4.4,0,0,0,0,0,0,0,0,0,0,11,17
277,MyCole Pruitt,TE,TEN,1.0,NYJ,4,4,Sun,1,1,14,14.0,0,100.00%,14.0,4.4,0,0,0,0,0,0,0,0,0,0,24,27
278,Kyle Rudolph,TE,NYG,1.0,NOR,4,4,Sun,3,2,24,12.0,0,66.70%,8.0,4.4,0,0,0,0,0,0,0,0,0,1,27,21
279,Kaden Smith,TE,NYG,1.0,WAS,2,2,Thu,2,2,24,12.0,0,100.00%,12.0,4.4,0,0,0,0,0,0,0,0,0,0,29,30
280,Dan Arnold,TE,CAR,1.0,HOU,3,3,Thu,4,2,23,11.5,0,50.00%,5.75,4.3,0,0,0,0,0,0,0,0,0,1,24,9
281,Antony Auclair,TE,HOU,1.0,MIA,9,9,Sun,2,2,23,11.5,0,100.00%,11.5,4.3,0,0,0,0,0,0,0,0,0,0,9,17
282,Hunter Henry,TE,NWE,1.0,LAC,8,8,Sun,3,1,33,33.0,0,33.30%,11.0,4.3,0,0,0,0,0,0,0,0,0,1,27,24
283,Durham Smythe,TE,MIA,1.0,TAM,5,5,Sun,3,2,23,11.5,0,66.70%,7.67,4.3,0,0,0,0,0,0,0,0,0,0,17,45
284,Pharaoh Brown,TE,HOU,0.0,NWE,5,5,Sun,4,2,22,11.0,0,50.00%,5.5,4.2,0,0,0,0,0,0,0,0,0,0,22,25
285,T.J. Hockenson,TE,DET,1.0,MIN,5,5,Sun,3,2,22,11.0,0,66.70%,7.33,4.2,0,0,0,0,0,0,0,0,0,0,17,19
286,Cole Kmet,TE,CHI,1.0,LVR,5,5,Sun,4,2,22,11.0,0,50.00%,5.5,4.2,0,0,0,0,0,0,0,0,0,1,20,9
287,MyCole Pruitt,TE,TEN,1.0,IND,8,8,Sun,2,2,22,11.0,0,100.00%,11.0,4.2,0,0,0,0,0,0,0,0,0,1,34,31
288,Pharaoh Brown,TE,HOU,1.0,ARI,7,7,Sun,3,3,11,3.67,0,100.00%,3.67,4.1,0,0,0,0,0,0,0,0,0,0,5,31
289,Josiah Deguara,TE,GNB,1.0,ARI,8,8,Thu,2,2,20,10.0,0,100.00%,10.0,4.0,0,0,0,0,0,0,0,0,0,1,24,21
290,Jared Cook,TE,LAC,0.0,CLE,5,5,Sun,3,1,29,29.0,0,33.30%,9.67,3.9,0,0,0,0,0,0,0,0,0,1,47,42
291,Kylen Granson,TE,IND,1.0,BAL,5,5,Mon,2,2,19,9.5,0,100.00%,9.5,3.9,0,0,0,0,0,0,0,0,0,0,25,31
292,O.J. Howard,TE,TAM,0.0,MIA,5,5,Sun,3,2,19,9.5,0,66.70%,6.33,3.9,0,0,0,0,0,0,0,0,0,1,45,17
293,Ricky Seals-Jones,TE,WAS,1.0,ATL,4,4,Sun,4,2,19,9.5,0,50.00%,4.75,3.9,0,0,0,0,0,0,0,0,0,1,34,30
294,Mo Alie-Cox,TE,IND,0.0,NYJ,9,9,Thu,1,1,28,28.0,0,100.00%,28.0,3.8,0,0,0,0,0,0,0,0,0,1,45,30
295,Jimmy Graham,TE,CHI,1.0,PIT,9,9,Mon,3,1,28,28.0,0,33.30%,9.33,3.8,0,0,0,0,0,0,0,0,0,0,27,29
296,David Njoku,TE,CLE,0.0,HOU,2,2,Sun,3,2,18,9.0,0,66.70%,6.0,3.8,0,0,0,0,0,0,0,0,0,1,31,21
297,David Njoku,TE,CLE,0.0,DEN,7,7,Thu,2,2,18,9.0,0,100.00%,9.0,3.8,0,0,0,0,0,0,0,0,0,1,17,14
298,Kyle Rudolph,TE,NYG,0.0,LAR,6,6,Sun,2,1,8,8.0,0,50.00%,4.0,3.8,0,0,0,0,0,0,0,0,0,0,11,38
299,Dalton Schultz,TE,DAL,1.0,LAC,2,2,Sun,2,2,18,9.0,0,100.00%,9.0,3.8,0,0,0,0,0,0,0,0,0,1,20,17
300,Jordan Akins,TE,HOU,0.0,NWE,5,5,Sun,2,2,17,8.5,0,100.00%,8.5,3.7,0,0,0,0,0,0,0,0,0,0,22,25
301,Joe Fortson,TE,KAN,1.0,WAS,6,6,Sun,1,1,27,27.0,0,100.00%,27.0,3.7,0,0,0,0,0,0,0,0,0,1,31,13
302,Kylen Granson,TE,IND,0.0,NYJ,9,9,Thu,1,1,27,27.0,0,100.00%,27.0,3.7,0,0,0,0,0,0,0,0,0,1,45,30
303,Marcedes Lewis,TE,GNB,1.0,CHI,6,6,Sun,2,2,17,8.5,0,100.00%,8.5,3.7,0,0,0,0,0,0,0,0,0,1,24,14
304,David Njoku,TE,CLE,1.0,MIN,4,4,Sun,2,2,17,8.5,0,100.00%,8.5,3.7,0,0,0,0,0,0,0,0,0,1,14,7
305,Josiah Deguara,TE,GNB,1.0,KAN,9,9,Sun,2,2,16,8.0,0,100.00%,8.0,3.6,0,0,0,0,0,0,0,0,0,0,7,13
306,O.J. Howard,TE,TAM,1.0,NOR,8,8,Sun,3,2,16,8.0,0,66.70%,5.33,3.6,0,0,0,0,0,0,0,0,0,0,27,36
307,Hayden Hurst,TE,ATL,1.0,NOR,8,9,Sun,3,2,16,8.0,0,66.70%,5.33,3.6,0,0,0,0,0,0,0,0,0,1,27,25
308,C.J. Uzomah,TE,CIN,0.0,GNB,5,5,Sun,2,2,16,8.0,0,100.00%,8.0,3.6,0,0,0,0,0,0,0,0,0,0,22,25
309,Trevon Wesco,TE,NYJ,1.0,IND,8,9,Thu,2,2,16,8.0,0,100.00%,8.0,3.6,0,0,0,0,0,0,0,0,0,0,30,45
310,Cameron Brate,TE,TAM,1.0,NOR,8,8,Sun,4,2,15,7.5,0,50.00%,3.75,3.5,0,0,0,0,0,0,0,0,0,0,27,36
311,Tyler Conklin,TE,MIN,1.0,ARI,2,2,Sun,4,2,15,7.5,0,50.00%,3.75,3.5,0,0,0,0,0,0,0,0,0,0,33,34
312,Noah Fant,TE,DEN,0.0,NYJ,3,3,Sun,3,2,15,7.5,0,66.70%,5.0,3.5,0,0,0,0,0,0,0,0,0,1,26,0
313,Jacob Hollister,TE,JAX,0.0,ARI,3,3,Sun,6,2,15,7.5,0,33.30%,2.5,3.5,0,0,0,0,0,0,0,0,0,0,19,31
314,Adam Shaheen,TE,MIA,1.0,TAM,5,5,Sun,2,2,15,7.5,0,100.00%,7.5,3.5,0,0,0,0,0,0,0,0,0,0,17,45
315,Mo Alie-Cox,TE,IND,1.0,TEN,3,3,Sun,2,2,14,7.0,0,100.00%,7.0,3.4,0,0,0,0,0,0,0,0,0,0,16,25
316,Jack Doyle,TE,IND,1.0,MIA,4,4,Sun,1,1,24,24.0,0,100.00%,24.0,3.4,0,0,0,0,0,0,0,0,0,1,27,17
317,Pat Freiermuth,TE,PIT,1.0,BUF,1,1,Sun,1,1,24,24.0,0,100.00%,24.0,3.4,0,0,0,0,0,0,0,0,0,1,23,16
318,Austin Hooper,TE,CLE,1.0,CIN,9,9,Sun,2,2,14,7.0,0,100.00%,7.0,3.4,0,0,0,0,0,0,0,0,0,1,41,16
319,Blake Jarwin,TE,DAL,0.0,PHI,3,3,Mon,2,2,14,7.0,0,100.00%,7.0,3.4,0,0,0,0,0,0,0,0,0,1,41,21
320,James O'Shaughnessy,TE,JAX,0.0,DEN,2,2,Sun,1,1,24,24.0,0,100.00%,24.0,3.4,0,0,0,0,0,0,0,0,0,0,13,23
321,Jordan Akins,TE,HOU,1.0,ARI,7,7,Sun,2,2,13,6.5,0,100.00%,6.5,3.3,0,0,0,0,0,0,0,0,0,0,5,31
322,Derek Carrier,TE,LVR,1.0,PIT,2,2,Sun,2,2,13,6.5,0,100.00%,6.5,3.3,0,0,0,0,0,0,0,0,0,1,26,17
323,Juwan Johnson,TE,NOR,1.0,CAR,2,2,Sun,3,1,23,23.0,0,33.30%,7.67,3.3,0,0,0,0,0,0,0,0,0,0,7,26
324,Josh Oliver,TE,BAL,0.0,IND,5,5,Mon,2,2,13,6.5,0,100.00%,6.5,3.3,0,0,0,0,0,0,0,0,0,1,31,25
325,Kyle Pitts,TE,ATL,0.0,CAR,7,8,Sun,6,2,13,6.5,0,33.30%,2.17,3.3,0,0,0,0,0,0,0,0,0,0,13,19
326,Jonnu Smith,TE,NWE,1.0,LAC,8,8,Sun,2,2,13,6.5,0,100.00%,6.5,3.3,0,0,0,0,0,0,0,0,0,1,27,24
327,Tyler Kroft,TE,NYJ,1.0,DEN,3,3,Sun,2,2,12,6.0,0,100.00%,6.0,3.2,0,0,0,0,0,0,0,0,0,0,0,26
328,Ricky Seals-Jones,TE,WAS,1.0,DEN,8,8,Sun,4,2,12,6.0,0,50.00%,3.0,3.2,0,0,0,0,0,0,0,0,0,0,10,17
329,Tommy Tremble,TE,CAR,1.0,NYG,7,7,Sun,2,2,12,6.0,0,100.00%,6.0,3.2,0,0,0,0,0,0,0,0,0,0,3,25
330,Evan Engram,TE,NYG,0.0,ATL,3,3,Sun,6,2,21,10.5,0,33.30%,3.5,3.1,0,0,0,0,0,0,0,0,1,0,14,17
331,Luke Farrell,TE,JAX,0.0,MIA,6,6,Sun,1,1,21,21.0,0,100.00%,21.0,3.1,0,0,0,0,0,0,0,0,0,1,23,20
332,O.J. Howard,TE,TAM,0.0,ATL,2,2,Sun,1,1,21,21.0,0,100.00%,21.0,3.1,0,0,0,0,0,0,0,0,0,1,48,25
333,Dalton Schultz,TE,DAL,1.0,MIN,7,8,Sun,7,2,11,5.5,0,28.60%,1.57,3.1,0,0,0,0,0,0,0,0,0,1,20,16
334,Blake Bell,TE,KAN,1.0,BAL,2,2,Sun,1,1,20,20.0,0,100.00%,20.0,3.0,0,0,0,0,0,0,0,0,0,0,35,36
335,Eric Ebron,TE,PIT,0.0,DEN,5,5,Sun,2,2,10,5.0,0,100.00%,5.0,3.0,0,0,0,0,0,0,0,0,0,1,27,19
336,Ryan Griffin,TE,NYJ,0.0,NWE,2,2,Sun,2,2,10,5.0,0,100.00%,5.0,3.0,0,0,0,0,0,0,0,0,0,0,6,25
337,T.J. Hockenson,TE,DET,0.0,BAL,3,3,Sun,2,2,10,5.0,0,100.00%,5.0,3.0,0,0,0,0,0,0,0,0,0,0,17,19
338,Donald Parham,TE,LAC,1.0,BAL,6,6,Sun,2,2,10,5.0,0,100.00%,5.0,3.0,0,0,0,0,0,0,0,0,0,0,6,34
339,Geoff Swaim,TE,TEN,1.0,SEA,2,2,Sun,2,2,10,5.0,0,100.00%,5.0,3.0,0,0,0,0,0,0,0,0,0,1,33,30
340,Tommy Sweeney,TE,BUF,1.0,JAX,8,9,Sun,2,2,10,5.0,0,100.00%,5.0,3.0,0,0,0,0,0,0,0,0,1,0,6,9
341,Robert Tonyan,TE,GNB,1.0,CHI,6,6,Sun,3,2,10,5.0,0,66.70%,3.33,3.0,0,0,0,0,0,0,0,0,0,1,24,14
342,Stephen Anderson,TE,LAC,0.0,DAL,2,2,Sun,2,2,9,4.5,0,100.00%,4.5,2.9,0,0,0,0,0,0,0,0,0,0,17,20
343,Eric Ebron,TE,PIT,1.0,BUF,1,1,Sun,2,1,19,19.0,0,50.00%,9.5,2.9,0,0,0,0,0,0,0,0,0,1,23,16
344,Brevin Jordan,TE,HOU,1.0,MIA,9,9,Sun,2,2,9,4.5,0,100.00%,4.5,2.9,0,0,0,0,0,0,0,0,0,0,9,17
345,Marcedes Lewis,TE,GNB,1.0,NOR,1,1,Sun,1,1,19,19.0,0,100.00%,19.0,2.9,0,0,0,0,0,0,0,0,0,0,3,38
346,Donald Parham,TE,LAC,1.0,KAN,3,3,Sun,1,1,19,19.0,0,100.00%,19.0,2.9,0,0,0,0,0,0,0,0,0,1,30,24
347,Drew Sample,TE,CIN,0.0,GNB,5,5,Sun,4,2,9,4.5,0,50.00%,2.25,2.9,0,0,0,0,0,0,0,0,0,0,22,25
348,Mo Alie-Cox,TE,IND,0.0,LAR,2,2,Sun,2,1,18,18.0,0,50.00%,9.0,2.8,0,0,0,0,0,0,0,0,0,0,24,27
349,Pharaoh Brown,TE,HOU,1.0,IND,6,6,Sun,3,2,8,4.0,0,66.70%,2.67,2.8,0,0,0,0,0,0,0,0,0,0,3,31
350,Eric Ebron,TE,PIT,1.0,GNB,4,4,Sun,2,2,8,4.0,0,100.00%,4.0,2.8,0,0,0,0,0,0,0,0,0,0,17,27
351,Noah Fant,TE,DEN,0.0,WAS,8,8,Sun,4,2,8,4.0,0,50.00%,2.0,2.8,0,0,0,0,0,0,0,0,0,1,17,10
352,Kyle Rudolph,TE,NYG,0.0,DEN,1,1,Sun,5,2,8,4.0,0,40.00%,1.6,2.8,0,0,0,0,0,0,0,0,0,0,13,27
353,Kyle Rudolph,TE,NYG,0.0,CAR,7,7,Sun,2,2,8,4.0,0,100.00%,4.0,2.8,0,0,0,0,0,0,0,0,0,1,25,3
354,Robert Tonyan,TE,GNB,1.0,NOR,1,1,Sun,4,2,8,4.0,0,50.00%,2.0,2.8,0,0,0,0,0,0,0,0,0,0,3,38
355,Robert Tonyan,TE,GNB,0.0,PIT,4,4,Sun,7,2,8,4.0,0,28.60%,1.14,2.8,0,0,0,0,0,0,0,0,0,1,27,17
356,Jordan Akins,TE,HOU,1.0,CLE,2,2,Sun,2,1,17,17.0,0,50.00%,8.5,2.7,0,0,0,0,0,0,0,0,0,0,21,31
357,Harrison Bryant,TE,CLE,1.0,KAN,1,1,Sun,2,1,17,17.0,0,50.00%,8.5,2.7,0,0,0,0,0,0,0,0,0,0,29,33
358,Pat Freiermuth,TE,PIT,0.0,DEN,5,5,Sun,2,2,7,3.5,0,100.00%,3.5,2.7,0,0,0,0,0,0,0,0,0,1,27,19
359,Ian Thomas,TE,CAR,0.0,NYJ,1,1,Sun,2,1,17,17.0,0,50.00%,8.5,2.7,0,0,0,0,0,0,0,0,0,1,19,14
360,Dan Arnold,TE,CAR,0.0,NYJ,1,1,Sun,3,2,6,3.0,0,66.70%,2.0,2.6,0,0,0,0,0,0,0,0,0,1,19,14
361,Durham Smythe,TE,MIA,0.0,IND,4,4,Sun,2,2,6,3.0,0,100.00%,3.0,2.6,0,0,0,0,0,0,0,0,0,0,17,27
362,Harrison Bryant,TE,CLE,0.0,DEN,7,7,Thu,2,1,15,15.0,0,50.00%,7.5,2.5,0,0,0,0,0,0,0,0,0,1,17,14
363,Will Dissly,TE,SEA,1.0,SFO,4,4,Sun,2,2,5,2.5,0,100.00%,2.5,2.5,0,0,0,0,0,0,0,0,1,1,28,21
364,Ryan Griffin,TE,NYJ,1.0,NWE,6,7,Sun,2,1,15,15.0,0,50.00%,7.5,2.5,0,0,0,0,0,0,0,0,0,0,13,54
365,Tommy Hudson,TE,TEN,1.0,SEA,2,2,Sun,2,1,14,14.0,0,50.00%,7.0,2.4,0,0,0,0,0,0,0,0,0,1,33,30
366,Tommy Hudson,TE,TEN,1.0,NYJ,4,4,Sun,1,1,14,14.0,0,100.00%,14.0,2.4,0,0,0,0,0,0,0,0,0,0,24,27
367,Hayden Hurst,TE,ATL,0.0,CAR,7,8,Sun,3,2,4,2.0,0,66.70%,1.33,2.4,0,0,0,0,0,0,0,0,0,0,13,19
368,Kyle Rudolph,TE,NYG,1.0,DAL,5,5,Sun,1,1,14,14.0,0,100.00%,14.0,2.4,0,0,0,0,0,0,0,0,0,0,20,44
369,Adam Trautman,TE,NOR,0.0,TAM,7,8,Sun,6,2,4,2.0,0,33.30%,0.67,2.4,0,0,0,0,0,0,0,0,0,1,36,27
370,C.J. Uzomah,TE,CIN,1.0,CHI,2,2,Sun,2,2,4,2.0,0,100.00%,2.0,2.4,0,0,0,0,0,0,0,0,0,0,17,20
371,Maxx Williams,TE,ARI,0.0,SFO,5,5,Sun,1,1,14,14.0,0,100.00%,14.0,2.4,0,0,0,0,0,0,0,0,0,1,17,10
372,Luke Farrell,TE,JAX,0.0,TEN,5,5,Sun,1,1,13,13.0,0,100.00%,13.0,2.3,0,0,0,0,0,0,0,0,0,0,19,37
373,Zach Gentry,TE,PIT,0.0,DEN,5,5,Sun,2,1,13,13.0,0,50.00%,6.5,2.3,0,0,0,0,0,0,0,0,0,1,27,19
374,Cameron Brate,TE,TAM,0.0,MIA,5,5,Sun,1,1,12,12.0,0,100.00%,12.0,2.2,0,0,0,0,0,0,0,0,0,1,45,17
375,Tommy Sweeney,TE,BUF,0.0,WAS,3,3,Sun,2,2,2,1.0,0,100.00%,1.0,2.2,0,0,0,0,0,0,0,0,0,1,43,21
376,Anthony Firkser,TE,TEN,0.0,BUF,6,6,Mon,1,1,11,11.0,0,100.00%,11.0,2.1,0,0,0,0,0,0,0,0,0,1,34,31
377,Joe Fortson,TE,KAN,1.0,BAL,2,2,Sun,1,1,11,11.0,0,100.00%,11.0,2.1,0,0,0,0,0,0,0,0,0,0,35,36
378,Pat Freiermuth,TE,PIT,1.0,GNB,4,4,Sun,1,1,11,11.0,0,100.00%,11.0,2.1,0,0,0,0,0,0,0,0,0,0,17,27
379,Jimmy Graham,TE,CHI,1.0,LAR,1,1,Sun,2,1,11,11.0,0,50.00%,5.5,2.1,0,0,0,0,0,0,0,0,0,0,14,34
380,Austin Hooper,TE,CLE,1.0,MIN,4,4,Sun,5,1,11,11.0,0,20.00%,2.2,2.1,0,0,0,0,0,0,0,0,0,1,14,7
381,O.J. Howard,TE,TAM,1.0,LAR,3,3,Sun,1,1,11,11.0,0,100.00%,11.0,2.1,0,0,0,0,0,0,0,0,0,0,24,34
382,Cole Kmet,TE,CHI,1.0,CLE,3,3,Sun,4,1,11,11.0,0,25.00%,2.75,2.1,0,0,0,0,0,0,0,0,0,0,6,26
383,Chris Manhertz,TE,JAX,0.0,MIA,6,6,Sun,1,1,11,11.0,0,100.00%,11.0,2.1,0,0,0,0,0,0,0,0,0,1,23,20
384,Foster Moreau,TE,LVR,1.0,DEN,6,6,Sun,1,1,11,11.0,0,100.00%,11.0,2.1,0,0,0,0,0,0,0,0,0,1,34,24
385,Albert Okwuegbunam,TE,DEN,0.0,BAL,4,4,Sun,2,1,11,11.0,0,50.00%,5.5,2.1,0,0,0,0,0,0,0,0,0,0,7,23
386,Adam Shaheen,TE,MIA,0.0,HOU,9,9,Sun,2,1,11,11.0,0,50.00%,5.5,2.1,0,0,0,0,0,0,0,0,0,1,17,9
387,Jack Doyle,TE,IND,1.0,TEN,3,3,Sun,2,1,10,10.0,0,50.00%,5.0,2.0,0,0,0,0,0,0,0,0,0,0,16,25
388,Zach Gentry,TE,PIT,1.0,GNB,4,4,Sun,1,1,10,10.0,0,100.00%,10.0,2.0,0,0,0,0,0,0,0,0,0,0,17,27
389,Ian Thomas,TE,CAR,1.0,ATL,8,8,Sun,1,1,10,10.0,0,100.00%,10.0,2.0,0,0,0,0,0,0,0,0,0,1,19,13
390,Tommy Tremble,TE,CAR,0.0,MIN,6,6,Sun,2,0,0,0.0,0,0.00%,0.0,2.0,0,0,0,0,0,1,0,0,0,0,28,34
391,Anthony Firkser,TE,TEN,0.0,KAN,7,7,Sun,1,1,9,9.0,0,100.00%,9.0,1.9,0,0,0,0,0,0,0,0,0,1,27,3
392,O.J. Howard,TE,TAM,0.0,CHI,7,7,Sun,3,1,9,9.0,0,33.30%,3.0,1.9,0,0,0,0,0,0,0,0,0,1,38,3
393,Chris Manhertz,TE,JAX,0.0,BUF,8,9,Sun,1,1,9,9.0,0,100.00%,9.0,1.9,0,0,0,0,0,0,0,0,0,1,9,6
394,Johnny Mundt,TE,LAR,0.0,ARI,4,4,Sun,1,1,9,9.0,0,100.00%,9.0,1.9,0,0,0,0,0,0,0,0,0,0,20,37
395,Josh Oliver,TE,BAL,0.0,KAN,2,2,Sun,1,1,9,9.0,0,100.00%,9.0,1.9,0,0,0,0,0,0,0,0,0,1,36,35
396,Jonnu Smith,TE,NWE,0.0,DAL,6,6,Sun,2,1,9,9.0,0,50.00%,4.5,1.9,0,0,0,0,0,0,0,0,0,0,29,35
397,Kaden Smith,TE,NYG,0.0,ATL,3,3,Sun,1,1,9,9.0,0,100.00%,9.0,1.9,0,0,0,0,0,0,0,0,0,0,14,17
398,Lee Smith,TE,ATL,1.0,TAM,2,2,Sun,1,1,9,9.0,0,100.00%,9.0,1.9,0,0,0,0,0,0,0,0,0,0,25,48
399,Durham Smythe,TE,MIA,1.0,NWE,1,1,Sun,2,1,9,9.0,0,50.00%,4.5,1.9,0,0,0,0,0,0,0,0,0,1,17,16
400,Jack Stoll,TE,PHI,1.0,DET,8,8,Sun,1,1,9,9.0,0,100.00%,9.0,1.9,0,0,0,0,0,0,0,0,0,1,44,6
401,Ian Thomas,TE,CAR,0.0,NWE,9,9,Sun,2,1,9,9.0,0,50.00%,4.5,1.9,0,0,0,0,0,0,0,0,0,0,6,24
402,Cameron Brate,TE,TAM,0.0,ATL,2,2,Sun,1,1,8,8.0,0,100.00%,8.0,1.8,0,0,0,0,0,0,0,0,0,1,48,25
403,Cethan Carter,TE,MIA,0.0,BUF,2,2,Sun,1,1,8,8.0,0,100.00%,8.0,1.8,0,0,0,0,0,0,0,0,0,0,0,35
404,Cethan Carter,TE,MIA,1.0,JAX,6,6,Sun,1,1,8,8.0,0,100.00%,8.0,1.8,0,0,0,0,0,0,0,0,0,0,20,23
405,Anthony Firkser,TE,TEN,1.0,IND,8,8,Sun,2,1,8,8.0,0,50.00%,4.0,1.8,0,0,0,0,0,0,0,0,0,1,34,31
406,Ryan Griffin,TE,NYJ,0.0,TEN,4,4,Sun,4,1,8,8.0,0,25.00%,2.0,1.8,0,0,0,0,0,0,0,0,0,1,27,24
407,Tyler Higbee,TE,LAR,1.0,IND,2,2,Sun,1,1,8,8.0,0,100.00%,8.0,1.8,0,0,0,0,0,0,0,0,0,1,27,24
408,Juwan Johnson,TE,NOR,1.0,SEA,6,7,Mon,1,1,8,8.0,0,100.00%,8.0,1.8,0,0,0,0,0,0,0,0,0,1,13,10
409,Tyler Kroft,TE,NYJ,0.0,NWE,2,2,Sun,2,1,8,8.0,0,50.00%,4.0,1.8,0,0,0,0,0,0,0,0,0,0,6,25
410,Foster Moreau,TE,LVR,0.0,MIA,3,3,Sun,2,1,8,8.0,0,50.00%,4.0,1.8,0,0,0,0,0,0,0,0,0,1,31,28
411,Adam Shaheen,TE,MIA,1.0,BUF,8,8,Sun,1,1,8,8.0,0,100.00%,8.0,1.8,0,0,0,0,0,0,0,0,0,0,11,26
412,Jonnu Smith,TE,NWE,1.0,CAR,9,9,Sun,2,1,4,4.0,0,50.00%,2.0,1.8,0,0,0,0,0,1,4,0,0,1,24,6
413,Geoff Swaim,TE,TEN,0.0,BUF,6,6,Mon,2,1,8,8.0,0,50.00%,4.0,1.8,0,0,0,0,0,0,0,0,0,1,34,31
414,Geoff Swaim,TE,TEN,0.0,KAN,7,7,Sun,1,1,8,8.0,0,100.00%,8.0,1.8,0,0,0,0,0,0,0,0,0,1,27,3
415,Robert Tonyan,TE,GNB,1.0,CIN,5,5,Sun,2,1,8,8.0,0,50.00%,4.0,1.8,0,0,0,0,0,0,0,0,0,1,25,22
416,Jordan Akins,TE,HOU,1.0,MIA,9,9,Sun,3,2,7,3.5,0,66.70%,2.33,1.7,0,0,0,0,0,0,0,0,1,0,9,17
417,John Bates,TE,WAS,0.0,KAN,6,6,Sun,1,1,7,7.0,0,100.00%,7.0,1.7,0,0,0,0,0,0,0,0,0,0,13,31
418,Zach Ertz,TE,PHI,1.0,CAR,5,5,Sun,6,1,7,7.0,0,16.70%,1.17,1.7,0,0,0,0,0,0,0,0,0,1,21,18
419,Luke Farrell,TE,JAX,1.0,CIN,4,4,Thu,1,1,7,7.0,0,100.00%,7.0,1.7,0,0,0,0,0,0,0,0,0,0,21,24
420,Anthony Firkser,TE,TEN,1.0,LAR,9,9,Sun,1,1,7,7.0,0,100.00%,7.0,1.7,0,0,0,0,0,0,0,0,0,1,28,16
421,Ryan Griffin,TE,NYJ,0.0,CIN,7,8,Sun,1,1,7,7.0,0,100.00%,7.0,1.7,0,0,0,0,0,0,0,0,0,1,34,31
422,Chris Herndon,TE,MIN,0.0,DAL,7,8,Sun,1,1,7,7.0,0,100.00%,7.0,1.7,0,0,0,0,0,0,0,0,0,0,16,20
423,Marcedes Lewis,TE,GNB,0.0,PIT,4,4,Sun,2,1,7,7.0,0,50.00%,3.5,1.7,0,0,0,0,0,0,0,0,0,1,27,17
424,Chris Manhertz,TE,JAX,1.0,CIN,4,4,Thu,1,1,7,7.0,0,100.00%,7.0,1.7,0,0,0,0,0,0,0,0,0,0,21,24
425,MyCole Pruitt,TE,TEN,0.0,IND,3,3,Sun,1,1,7,7.0,0,100.00%,7.0,1.7,0,0,0,0,0,0,0,0,0,1,25,16
426,Eric Saubert,TE,DEN,1.0,NYG,1,1,Sun,2,1,7,7.0,0,50.00%,3.5,1.7,0,0,0,0,0,0,0,0,0,1,27,13
427,Eric Saubert,TE,DEN,1.0,JAX,2,2,Sun,1,1,7,7.0,0,100.00%,7.0,1.7,0,0,0,0,0,0,0,0,0,1,23,13
428,Lee Smith,TE,ATL,1.0,MIA,6,7,Sun,2,1,7,7.0,0,50.00%,3.5,1.7,0,0,0,0,0,0,0,0,0,1,30,28
429,Luke Stocker,TE,MIN,0.0,DAL,7,8,Sun,1,1,7,7.0,0,100.00%,7.0,1.7,0,0,0,0,0,0,0,0,0,0,16,20
430,Ian Thomas,TE,CAR,0.0,NOR,2,2,Sun,2,1,7,7.0,0,50.00%,3.5,1.7,0,0,0,0,0,0,0,0,0,1,26,7
431,Eric Tomlinson,TE,BAL,0.0,MIN,8,9,Sun,1,1,7,7.0,0,100.00%,7.0,1.7,0,0,0,0,0,0,0,0,0,1,34,31
432,Charlie Woerner,TE,SFO,1.0,CHI,7,8,Sun,2,1,7,7.0,0,50.00%,3.5,1.7,0,0,0,0,0,0,0,0,0,1,33,22
433,Blake Bell,TE,KAN,0.0,LAC,3,3,Sun,1,1,6,6.0,0,100.00%,6.0,1.6,0,0,0,0,0,0,0,0,0,0,24,30
434,Pharaoh Brown,TE,HOU,1.0,BUF,4,4,Sun,2,1,6,6.0,0,50.00%,3.0,1.6,0,0,0,0,0,0,0,0,0,0,0,40
435,Zach Ertz,TE,PHI,0.0,SFO,2,2,Sun,2,1,6,6.0,0,50.00%,3.0,1.6,0,0,0,0,0,0,0,0,0,0,11,17
436,Luke Farrell,TE,JAX,0.0,DEN,2,2,Sun,2,1,6,6.0,0,50.00%,3.0,1.6,0,0,0,0,0,0,0,0,0,0,13,23
437,Darren Fells,TE,DET,1.0,LAR,7,7,Sun,1,1,6,6.0,0,100.00%,6.0,1.6,0,0,0,0,0,0,0,0,0,0,19,28
438,Hayden Hurst,TE,ATL,1.0,TAM,2,2,Sun,1,1,6,6.0,0,100.00%,6.0,1.6,0,0,0,0,0,0,0,0,0,0,25,48
439,Cole Kmet,TE,CHI,0.0,DET,4,4,Sun,3,1,6,6.0,0,33.30%,2.0,1.6,0,0,0,0,0,0,0,0,0,1,24,14
440,David Njoku,TE,CLE,0.0,ARI,6,6,Sun,2,1,6,6.0,0,50.00%,3.0,1.6,0,0,0,0,0,0,0,0,0,0,14,37
441,Albert Okwuegbunam,TE,DEN,0.0,NYJ,3,3,Sun,1,1,6,6.0,0,100.00%,6.0,1.6,0,0,0,0,0,0,0,0,0,1,26,0
442,Josh Oliver,TE,BAL,1.0,DET,3,3,Sun,1,1,6,6.0,0,100.00%,6.0,1.6,0,0,0,0,0,0,0,0,0,1,19,17
443,Eric Saubert,TE,DEN,1.0,DAL,9,9,Sun,1,1,6,6.0,0,100.00%,6.0,1.6,0,0,0,0,0,0,0,0,0,1,30,16
444,Robert Tonyan,TE,GNB,1.0,SFO,3,3,Sun,1,1,6,6.0,0,100.00%,6.0,1.6,0,0,0,0,0,0,0,0,0,1,30,28
445,Tommy Tremble,TE,CAR,0.0,NWE,9,9,Sun,2,1,6,6.0,0,50.00%,3.0,1.6,0,0,0,0,0,0,0,0,0,0,6,24
446,Blake Bell,TE,KAN,0.0,CLE,1,1,Sun,1,1,3,3.0,0,100.00%,3.0,1.5,0,0,0,0,0,1,2,0,0,1,33,29
447,Ross Dwelley,TE,SFO,0.0,IND,6,7,Sun,2,1,5,5.0,0,50.00%,2.5,1.5,0,0,0,0,0,0,0,0,0,0,18,30
448,Noah Gray,TE,KAN,0.0,LAC,3,3,Sun,1,1,5,5.0,0,100.00%,5.0,1.5,0,0,0,0,0,0,0,0,0,0,24,30
449,Ryan Griffin,TE,NYJ,1.0,DEN,3,3,Sun,1,1,5,5.0,0,100.00%,5.0,1.5,0,0,0,0,0,0,0,0,0,0,0,26
450,Jacob Hollister,TE,JAX,1.0,CIN,4,4,Thu,1,1,5,5.0,0,100.00%,5.0,1.5,0,0,0,0,0,0,0,0,0,0,21,24
451,Luke Stocker,TE,MIN,1.0,BAL,8,9,Sun,1,1,5,5.0,0,100.00%,5.0,1.5,0,0,0,0,0,0,0,0,0,0,31,34
452,John Bates,TE,WAS,1.0,DEN,8,8,Sun,1,1,4,4.0,0,100.00%,4.0,1.4,0,0,0,0,0,0,0,0,0,0,10,17
453,Blake Bell,TE,KAN,0.0,BUF,5,5,Sun,1,1,4,4.0,0,100.00%,4.0,1.4,0,0,0,0,0,0,0,0,0,0,20,38
454,Josiah Deguara,TE,GNB,1.0,SFO,3,3,Sun,1,1,4,4.0,0,100.00%,4.0,1.4,0,0,0,0,0,0,0,0,0,1,30,28
455,Josiah Deguara,TE,GNB,1.0,CHI,6,6,Sun,1,1,4,4.0,0,100.00%,4.0,1.4,0,0,0,0,0,0,0,0,0,1,24,14
456,Jack Doyle,TE,IND,1.0,BAL,5,5,Mon,1,1,4,4.0,0,100.00%,4.0,1.4,0,0,0,0,0,0,0,0,0,0,25,31
457,Noah Gray,TE,KAN,1.0,TEN,7,7,Sun,1,1,4,4.0,0,100.00%,4.0,1.4,0,0,0,0,0,0,0,0,0,0,3,27
458,Ryan Griffin,TE,NYJ,1.0,ATL,5,5,Sun,2,1,4,4.0,0,50.00%,2.0,1.4,0,0,0,0,0,0,0,0,1,0,20,27
459,Austin Hooper,TE,CLE,0.0,ARI,6,6,Sun,3,1,4,4.0,0,33.30%,1.33,1.4,0,0,0,0,0,0,0,0,0,0,14,37
460,Jonnu Smith,TE,NWE,0.0,NOR,3,3,Sun,6,1,4,4.0,0,16.70%,0.67,1.4,0,0,0,0,0,0,0,0,0,0,13,28
461,Charlie Woerner,TE,SFO,1.0,ARI,5,5,Sun,1,1,4,4.0,0,100.00%,4.0,1.4,0,0,0,0,0,0,0,0,0,0,10,17
462,Harrison Bryant,TE,CLE,1.0,MIN,4,4,Sun,2,1,3,3.0,0,50.00%,1.5,1.3,0,0,0,0,0,0,0,0,0,1,14,7
463,Gerald Everett,TE,SEA,0.0,TEN,2,2,Sun,2,1,3,3.0,0,50.00%,1.5,1.3,0,0,0,0,0,0,0,0,0,0,30,33
464,Luke Farrell,TE,JAX,1.0,SEA,7,8,Sun,2,1,3,3.0,0,50.00%,1.5,1.3,0,0,0,0,0,0,0,0,0,0,7,31
465,Kylen Granson,TE,IND,1.0,MIA,4,4,Sun,2,1,3,3.0,0,50.00%,1.5,1.3,0,0,0,0,0,0,0,0,0,1,27,17
466,Tommy Hudson,TE,TEN,0.0,IND,3,3,Sun,2,1,3,3.0,0,50.00%,1.5,1.3,0,0,0,0,0,0,0,0,0,1,25,16
467,Eric Saubert,TE,DEN,1.0,CLE,7,7,Thu,1,1,3,3.0,0,100.00%,3.0,1.3,0,0,0,0,0,0,0,0,0,0,14,17
468,Adam Trautman,TE,NOR,0.0,NYG,4,4,Sun,1,1,3,3.0,0,100.00%,3.0,1.3,0,0,0,0,0,0,0,0,0,0,21,27
469,Gerald Everett,TE,SEA,0.0,JAX,8,8,Sun,2,1,7,7.0,0,50.00%,3.5,1.2,0,0,0,0,0,1,-5,0,0,1,31,7
470,Darren Fells,TE,DET,0.0,SFO,1,1,Sun,1,1,2,2.0,0,100.00%,2.0,1.2,0,0,0,0,0,0,0,0,0,0,33,41
471,Josh Oliver,TE,BAL,0.0,LAC,6,6,Sun,1,1,2,2.0,0,100.00%,2.0,1.2,0,0,0,0,0,0,0,0,1,1,34,6
472,Stephen Anderson,TE,LAC,1.0,WAS,1,1,Sun,2,1,1,1.0,0,50.00%,0.5,1.1,0,0,0,0,0,0,0,0,0,1,20,16
473,Colby Parkinson,TE,SEA,0.0,LAR,5,5,Thu,2,1,1,1.0,0,50.00%,0.5,1.1,0,0,0,0,0,0,0,0,0,0,17,26
474,Kevin Rader,TE,PIT,0.0,CHI,8,9,Mon,1,1,1,1.0,0,100.00%,1.0,1.1,0,0,0,0,0,0,0,0,0,1,29,27
475,Tommy Sweeney,TE,BUF,1.0,KAN,5,5,Sun,1,1,1,1.0,0,100.00%,1.0,1.1,0,0,0,0,0,0,0,0,0,1,38,20
476,Darrell Daniels,TE,ARI,1.0,SFO,9,9,Sun,2,1,0,0.0,0,50.00%,0.0,1.0,0,0,0,0,0,0,0,0,0,1,31,17
477,Kylen Granson,TE,IND,0.0,TEN,8,8,Sun,1,1,0,0.0,0,100.00%,0.0,1.0,0,0,0,0,0,0,0,0,0,0,31,34
478,Cole Kmet,TE,CHI,0.0,CIN,2,2,Sun,1,1,0,0.0,0,100.00%,0.0,1.0,0,0,0,0,0,0,0,0,0,1,20,17
479,Deon Yelder,TE,TAM,0.0,CHI,7,7,Sun,1,1,0,0.0,0,100.00%,0.0,1.0,0,0,0,0,0,0,0,0,0,1,38,3
480,Stephen Anderson,TE,LAC,1.0,BAL,6,6,Sun,2,1,-1,-1.0,0,50.00%,-0.5,0.9,0,0,0,0,0,0,0,0,0,0,6,34
481,Luke Farrell,TE,JAX,0.0,ARI,3,3,Sun,1,1,-1,-1.0,0,100.00%,-1.0,0.9,0,0,0,0,0,0,0,0,1,0,19,31
482,Marcedes Lewis,TE,GNB,1.0,KAN,9,9,Sun,1,1,-1,-1.0,0,100.00%,-1.0,0.9,0,0,0,0,0,0,0,0,0,0,7,13
483,Zach Gentry,TE,PIT,1.0,BUF,1,1,Sun,1,1,-2,-2.0,0,100.00%,-2.0,0.8,0,0,0,0,0,0,0,0,0,1,23,16
484,Jordan Akins,TE,HOU,1.0,BUF,4,4,Sun,1,1,4,4.0,0,100.00%,4.0,0.7,0,0,0,0,0,1,3,0,1,0,0,40
485,Jordan Akins,TE,HOU,0.0,JAX,1,1,Sun,2,0,0,0.0,0,0.00%,0.0,0.0,0,0,0,0,0,0,0,0,0,1,37,21
486,Mo Alie-Cox,TE,IND,0.0,SEA,1,1,Sun,2,0,0,0.0,0,0.00%,0.0,0.0,0,0,0,0,0,0,0,0,0,0,16,28
487,Mo Alie-Cox,TE,IND,0.0,TEN,8,8,Sun,4,0,0,0.0,0,0.00%,0.0,0.0,0,0,0,0,0,0,0,0,0,0,31,34
488,Stephen Anderson,TE,LAC,0.0,CLE,5,5,Sun,1,0,0,0.0,0,0.00%,0.0,0.0,0,0,0,0,0,0,0,0,0,1,47,42
489,Blake Bell,TE,KAN,0.0,NYG,8,8,Mon,2,0,0,0.0,0,0.00%,0.0,0.0,0,0,0,0,0,0,0,0,0,1,20,17
490,Blake Bell,TE,KAN,0.0,GNB,9,9,Sun,1,0,0,0.0,0,0.00%,0.0,0.0,0,0,0,0,0,0,0,0,0,1,13,7
491,Cameron Brate,TE,TAM,0.0,CHI,7,7,Sun,4,0,0,0.0,0,0.00%,0.0,0.0,0,0,0,0,0,0,0,0,0,1,38,3
492,Pharaoh Brown,TE,HOU,1.0,CLE,2,2,Sun,1,0,0,0.0,0,0.00%,0.0,0.0,0,0,0,0,0,0,0,0,0,0,21,31
493,Harrison Bryant,TE,CLE,0.0,CHI,3,3,Sun,2,0,0,0.0,0,0.00%,0.0,0.0,0,0,0,0,0,0,0,0,0,1,26,6
494,Dominique Dafney,TE,GNB,1.0,KAN,9,9,Sun,1,0,0,0.0,0,0.00%,0.0,0.0,0,0,0,0,0,0,0,0,0,0,7,13
495,Darrell Daniels,TE,ARI,1.0,CLE,6,6,Sun,1,0,0,0.0,0,0.00%,0.0,0.0,0,0,0,0,0,0,0,0,0,1,37,14
496,Jack Doyle,TE,IND,0.0,HOU,6,6,Sun,1,0,0,0.0,0,0.00%,0.0,0.0,0,0,0,0,0,0,0,0,0,1,31,3
497,Jack Doyle,TE,IND,1.0,SFO,7,7,Sun,1,0,0,0.0,0,0.00%,0.0,0.0,0,0,0,0,0,0,0,0,0,1,30,18
498,Eric Ebron,TE,PIT,0.0,LVR,2,2,Sun,2,0,0,0.0,0,0.00%,0.0,0.0,0,0,0,0,0,0,0,0,0,0,17,26
499,Eric Ebron,TE,PIT,0.0,CIN,3,3,Sun,3,0,0,0.0,0,0.00%,0.0,0.0,0,0,0,0,0,0,0,0,0,0,10,24
500,Ben Ellefson,TE,MIN,0.0,DET,5,5,Sun,1,0,0,0.0,0,0.00%,0.0,0.0,0,0,0,0,0,0,0,0,0,1,19,17
501,Luke Farrell,TE,JAX,0.0,BUF,8,9,Sun,1,0,0,0.0,0,0.00%,0.0,0.0,0,0,0,0,0,0,0,0,0,1,9,6
502,Mike Gesicki,TE,MIA,1.0,NWE,1,1,Sun,3,0,0,0.0,0,0.00%,0.0,0.0,0,0,0,0,0,0,0,0,0,1,17,16
503,Jimmy Graham,TE,CHI,1.0,CLE,3,3,Sun,1,0,0,0.0,0,0.00%,0.0,0.0,0,0,0,0,0,0,0,0,0,0,6,26
504,Kylen Granson,TE,IND,1.0,SFO,7,7,Sun,1,0,0,0.0,0,0.00%,0.0,0.0,0,0,0,0,0,0,0,0,0,1,30,18
505,Noah Gray,TE,KAN,1.0,PHI,4,4,Sun,1,0,0,0.0,0,0.00%,0.0,0.0,0,0,0,0,0,0,0,0,0,1,42,30
506,Rob Gronkowski,TE,TAM,1.0,NOR,8,8,Sun,1,0,0,0.0,0,0.00%,0.0,0.0,0,0,0,0,0,0,0,0,0,0,27,36
507,Demetrius Harris,TE,ARI,1.0,TEN,1,1,Sun,3,0,0,0.0,0,0.00%,0.0,0.0,0,0,0,0,0,0,0,0,0,1,38,13
508,Chris Herndon,TE,MIN,1.0,CIN,1,1,Sun,2,0,0,0.0,0,0.00%,0.0,0.0,0,0,0,0,0,0,0,0,0,0,24,27
509,Parker Hesse,TE,ATL,1.0,TAM,2,2,Sun,1,0,0,0.0,0,0.00%,0.0,0.0,0,0,0,0,0,0,0,0,0,0,25,48
510,Jacob Hollister,TE,JAX,0.0,MIA,6,6,Sun,1,0,0,0.0,0,0.00%,0.0,0.0,0,0,0,0,0,0,0,0,0,1,23,20
511,Jesper Horsted,TE,CHI,1.0,TAM,7,7,Sun,1,0,0,0.0,0,0.00%,0.0,0.0,0,0,0,0,0,0,0,0,0,0,3,38
512,O.J. Howard,TE,TAM,1.0,NWE,4,4,Sun,1,0,0,0.0,0,0.00%,0.0,0.0,0,0,0,0,0,0,0,0,0,1,19,17
513,Hayden Hurst,TE,ATL,1.0,NYG,3,3,Sun,1,0,0,0.0,0,0.00%,0.0,0.0,0,0,0,0,0,0,0,0,0,1,17,14
514,Blake Jarwin,TE,DAL,1.0,MIN,7,8,Sun,1,0,0,0.0,0,0.00%,0.0,0.0,0,0,0,0,0,0,0,0,0,1,20,16
515,Juwan Johnson,TE,NOR,1.0,NWE,3,3,Sun,1,0,0,0.0,0,0.00%,0.0,0.0,0,0,0,0,0,0,0,0,0,1,28,13
516,Juwan Johnson,TE,NOR,1.0,WAS,5,5,Sun,1,0,0,0.0,0,0.00%,0.0,0.0,0,0,0,0,0,0,0,0,0,1,33,22
517,Juwan Johnson,TE,NOR,0.0,TAM,7,8,Sun,1,0,0,0.0,0,0.00%,0.0,0.0,0,0,0,0,0,0,0,0,0,1,36,27
518,Tyler Kroft,TE,NYJ,0.0,TEN,4,4,Sun,1,0,0,0.0,0,0.00%,0.0,0.0,0,0,0,0,0,0,0,0,0,1,27,24
519,Marcedes Lewis,TE,GNB,1.0,ARI,8,8,Thu,1,0,0,0.0,0,0.00%,0.0,0.0,0,0,0,0,0,0,0,0,0,1,24,21
520,Hunter Long,TE,MIA,1.0,JAX,6,6,Sun,1,0,0,0.0,0,0.00%,0.0,0.0,0,0,0,0,0,0,0,0,0,0,20,23
521,Chris Manhertz,TE,JAX,0.0,DEN,2,2,Sun,1,0,0,0.0,0,0.00%,0.0,0.0,0,0,0,0,0,0,0,0,0,0,13,23
522,Codey McElroy,TE,TAM,1.0,NWE,4,4,Sun,1,0,0,0.0,0,0.00%,0.0,0.0,0,0,0,0,0,0,0,0,0,1,19,17
523,Sean McKeon,TE,DAL,0.0,DEN,8,9,Sun,2,0,0,0.0,0,0.00%,0.0,0.0,0,0,0,0,0,0,0,0,0,0,16,30
524,Josh Oliver,TE,BAL,1.0,LVR,1,1,Mon,1,0,0,0.0,0,0.00%,0.0,0.0,0,0,0,0,0,0,0,0,0,0,27,33
525,Josh Oliver,TE,BAL,1.0,DEN,4,4,Sun,1,0,0,0.0,0,0.00%,0.0,0.0,0,0,0,0,0,0,0,0,0,1,23,7
526,Donald Parham,TE,LAC,1.0,WAS,1,1,Sun,1,0,0,0.0,0,0.00%,0.0,0.0,0,0,0,0,0,0,0,0,0,1,20,16
527,Drew Sample,TE,CIN,1.0,DET,6,6,Sun,1,0,0,0.0,0,0.00%,0.0,0.0,0,0,0,0,0,0,0,0,0,1,34,11
528,Adam Shaheen,TE,MIA,0.0,IND,4,4,Sun,1,0,0,0.0,0,0.00%,0.0,0.0,0,0,0,0,0,0,0,0,0,0,17,27
529,Durham Smythe,TE,MIA,1.0,LVR,3,3,Sun,1,0,0,0.0,0,0.00%,0.0,0.0,0,0,0,0,0,0,0,0,0,0,28,31
530,Geoff Swaim,TE,TEN,0.0,ARI,1,1,Sun,1,0,0,0.0,0,0.00%,0.0,0.0,0,0,0,0,0,0,0,0,0,0,13,38
531,Geoff Swaim,TE,TEN,1.0,NYJ,4,4,Sun,1,0,0,0.0,0,0.00%,0.0,0.0,0,0,0,0,0,0,0,0,0,0,24,27
532,Geoff Swaim,TE,TEN,1.0,JAX,5,5,Sun,1,0,0,0.0,0,0.00%,0.0,0.0,0,0,0,0,0,0,0,0,0,1,37,19
533,Ian Thomas,TE,CAR,1.0,NYG,7,7,Sun,2,0,0,0.0,0,0.00%,0.0,0.0,0,0,0,0,0,0,0,0,0,0,3,25
534,Colin Thompson,TE,CAR,1.0,NYG,7,7,Sun,1,0,0,0.0,0,0.00%,0.0,0.0,0,0,0,0,0,0,0,0,0,0,3,25
535,Adam Trautman,TE,NOR,1.0,NWE,3,3,Sun,1,0,0,0.0,0,0.00%,0.0,0.0,0,0,0,0,0,0,0,0,0,1,28,13
536,Tommy Tremble,TE,CAR,1.0,DAL,4,4,Sun,1,0,0,0.0,0,0.00%,0.0,0.0,0,0,0,0,0,0,0,0,0,0,28,36
537,C.J. Uzomah,TE,CIN,1.0,PIT,3,3,Sun,1,0,0,0.0,0,0.00%,0.0,0.0,0,0,0,0,0,0,0,0,0,1,24,10
538,Trevon Wesco,TE,NYJ,0.0,TEN,4,4,Sun,1,0,0,0.0,0,0.00%,0.0,0.0,0,0,0,0,0,0,0,0,0,1,27,24
539,Trevon Wesco,TE,NYJ,1.0,NWE,6,7,Sun,1,0,0,0.0,0,0.00%,0.0,0.0,0,0,0,0,0,0,0,0,0,0,13,54
540,Maxx Williams,TE,ARI,1.0,TEN,1,1,Sun,1,0,0,0.0,0,0.00%,0.0,0.0,0,0,0,0,0,0,0,0,0,1,38,13
